num,cat,ami
frame_count,vocal_channel,0.2948686581089681
frame_count,emotion,0.0710415700638314
frame_count,emotional_intensity,0.017732781523153662
frame_count,statement,0.0004884147038816122
frame_count,repetition,-0.0005091626125433216
frame_count,actor,0.05761691052848044
frame_count,sex,0.018423001360247996
sum,vocal_channel,0.038927471935569426
sum,emotion,0.026154208100830773
sum,emotional_intensity,0.013566524113863714
sum,statement,0.003883047346659766
sum,repetition,-0.00036811754311663744
sum,actor,0.10810987678032478
sum,sex,0.03262562747006715
mean,vocal_channel,0.02882126930172067
mean,emotion,0.025273774090105807
mean,emotional_intensity,0.013228875718370017
mean,statement,0.004117287769586502
mean,repetition,-0.00013439271828861841
mean,actor,0.11177132204422592
mean,sex,0.0340080492043069
std,vocal_channel,0.053315751627768256
std,emotion,0.10607365341218444
std,emotional_intensity,0.06507275872144218
std,statement,0.0005268318452720456
std,repetition,-0.00021694524743227865
std,actor,0.05182608748180918
std,sex,0.004272969201021261
min,vocal_channel,0.021260628013127458
min,emotion,0.12594138261698784
min,emotional_intensity,0.07496676826329608
min,statement,-0.00034931350194152965
min,repetition,-0.0004620323184522755
min,actor,0.05079642750495367
min,sex,0.0011980686409014977
max,vocal_channel,0.017305044835723923
max,emotion,0.12947284402007192
max,emotional_intensity,0.0757384658145735
max,statement,-0.00043562985935694133
max,repetition,-0.00040582793856680353
max,actor,0.04837983218457242
max,sex,0.0006178415053637929
q01,vocal_channel,0.046840567738927974
q01,emotion,0.10970552138163352
q01,emotional_intensity,0.06849904728351076
q01,statement,-0.00035778511244366593
q01,repetition,-0.00024687010191949135
q01,actor,0.05101633404090045
q01,sex,0.004288471962677027
q05,vocal_channel,0.07421644408532142
q05,emotion,0.09894087551710974
q05,emotional_intensity,0.061827433062787145
q05,statement,0.0021105013936068254
q05,repetition,0.00010843390025413564
q05,actor,0.04570618570483874
q05,sex,0.0026523194462495596
q25,vocal_channel,0.20688123406241637
q25,emotion,0.04619673026948269
q25,emotional_intensity,0.02798416090556559
q25,statement,0.0006150390791037189
q25,repetition,-0.0005919043967706343
q25,actor,0.09158216840403224
q25,sex,0.0039545568515961015
q75,vocal_channel,0.2265629510517497
q75,emotion,0.04429458486529918
q75,emotional_intensity,0.024758106254448024
q75,statement,0.002621549494891774
q75,repetition,-0.0008861730107136304
q75,actor,0.07505627069381948
q75,sex,0.006641809218209076
q95,vocal_channel,0.06909528196412572
q95,emotion,0.09751313137685402
q95,emotional_intensity,0.061012462502432356
q95,statement,0.001475819927064414
q95,repetition,-0.00045670740872956337
q95,actor,0.05039762291336858
q95,sex,0.003533994003395298
q99,vocal_channel,0.044018774502437595
q99,emotion,0.107581876893969
q99,emotional_intensity,0.06782654064927061
q99,statement,-0.0005459849567723138
q99,repetition,-0.0006465906546394331
q99,actor,0.053617716633375084
q99,sex,0.0033793021427288806
kur,vocal_channel,0.17506789705358297
kur,emotion,0.038445063414245945
kur,emotional_intensity,0.004269558502326212
kur,statement,0.012192451689502929
kur,repetition,0.000556447565438818
kur,actor,0.03158673461820206
kur,sex,0.00716271277267724
skew,vocal_channel,0.008280170857777982
skew,emotion,0.02999467961782816
skew,emotional_intensity,0.007770584691439714
skew,statement,0.0005578533795764947
skew,repetition,-0.0008469385515480795
skew,actor,0.12453313982074128
skew,sex,0.020574428504862574
lag1_std,vocal_channel,0.01818418203109352
lag1_std,emotion,0.11722110494952453
lag1_std,emotional_intensity,0.07002304710812561
lag1_std,statement,0.010077940082074195
lag1_std,repetition,-0.00046304279648219784
lag1_std,actor,0.045121250364593184
lag1_std,sex,0.01254431383027956
lag1_min,vocal_channel,0.005224662791109261
lag1_min,emotion,0.11641403666748809
lag1_min,emotional_intensity,0.059681230442016474
lag1_min,statement,0.004426702333470503
lag1_min,repetition,-0.0009550898484012539
lag1_min,actor,0.05660913031314572
lag1_min,sex,0.02133909887639249
lag1_max,vocal_channel,0.0050268556602736745
lag1_max,emotion,0.11900156375280256
lag1_max,emotional_intensity,0.06308617865458573
lag1_max,statement,0.003071621991938367
lag1_max,repetition,-3.123792991356855e-05
lag1_max,actor,0.05762769901373279
lag1_max,sex,0.019317411119830864
lag1_q01,vocal_channel,0.016271384655874896
lag1_q01,emotion,0.12210611797707864
lag1_q01,emotional_intensity,0.06861065534801124
lag1_q01,statement,0.014919855435188832
lag1_q01,repetition,-0.0007208599562080423
lag1_q01,actor,0.039991256098275564
lag1_q01,sex,0.010441078627629457
lag1_q05,vocal_channel,0.03882922319063708
lag1_q05,emotion,0.11694389600691248
lag1_q05,emotional_intensity,0.06926275366144695
lag1_q05,statement,0.003422048164826258
lag1_q05,repetition,-0.0008370680852655989
lag1_q05,actor,0.04300661627332088
lag1_q05,sex,0.009577666996007504
lag1_q95,vocal_channel,0.04309073878921904
lag1_q95,emotion,0.11179712426223141
lag1_q95,emotional_intensity,0.0676992448317509
lag1_q95,statement,0.004313716536255045
lag1_q95,repetition,-0.000981346467638172
lag1_q95,actor,0.043693659257924254
lag1_q95,sex,0.010242341618061071
lag1_q99,vocal_channel,0.021494648362400594
lag1_q99,emotion,0.11787322104844002
lag1_q99,emotional_intensity,0.06860998912571036
lag1_q99,statement,0.012099899669193408
lag1_q99,repetition,-0.0007993625595008116
lag1_q99,actor,0.04101186096516601
lag1_q99,sex,0.010900131057922771
lag1_kur,vocal_channel,0.09206464643101614
lag1_kur,emotion,0.03613736824504185
lag1_kur,emotional_intensity,0.015629561257945686
lag1_kur,statement,0.029661742176618187
lag1_kur,repetition,0.00033571316530843536
lag1_kur,actor,0.03201009350233713
lag1_kur,sex,0.0065196962189135906
lag1_skew,vocal_channel,0.018134007796352596
lag1_skew,emotion,0.015514504567686719
lag1_skew,emotional_intensity,1.9863035788250387e-05
lag1_skew,statement,0.05321459135942229
lag1_skew,repetition,0.00011575864344335906
lag1_skew,actor,0.03454728097234225
lag1_skew,sex,0.012544826079527407
zc_sum,vocal_channel,0.014867086346832571
zc_sum,emotion,0.02760546204830421
zc_sum,emotional_intensity,0.022324735372907037
zc_sum,statement,0.009332864787598951
zc_sum,repetition,-0.00019638946825617498
zc_sum,actor,0.10077646179962138
zc_sum,sex,0.06306277032343201
zc_mean,vocal_channel,0.018591172555702345
zc_mean,emotion,0.0401629632240694
zc_mean,emotional_intensity,0.01668306258938005
zc_mean,statement,0.011578282865220021
zc_mean,repetition,-0.0008287894564099839
zc_mean,actor,0.093724151466011
zc_mean,sex,0.05066144613829074
zc_std,vocal_channel,0.018591172555702345
zc_std,emotion,0.0401629632240694
zc_std,emotional_intensity,0.01668306258938005
zc_std,statement,0.011578282865220021
zc_std,repetition,-0.0008287894564099839
zc_std,actor,0.093724151466011
zc_std,sex,0.05066144613829074
zc_kur,vocal_channel,0.018591172555702345
zc_kur,emotion,0.040162963224069384
zc_kur,emotional_intensity,0.01668306258938005
zc_kur,statement,0.011578282865220021
zc_kur,repetition,-0.0008287894564099839
zc_kur,actor,0.09372415146601101
zc_kur,sex,0.05066144613829074
zc_skew,vocal_channel,0.018591172555702345
zc_skew,emotion,0.040162963224069384
zc_skew,emotional_intensity,0.01668306258938005
zc_skew,statement,0.011578282865220021
zc_skew,repetition,-0.0008287894564099839
zc_skew,actor,0.09372415146601101
zc_skew,sex,0.05066144613829074
mfcc_sum,vocal_channel,0.09515204937303602
mfcc_sum,emotion,0.061974322044522634
mfcc_sum,emotional_intensity,0.01179843247357642
mfcc_sum,statement,-0.00019489271845261235
mfcc_sum,repetition,-0.00017180000600941695
mfcc_sum,actor,0.09378634168672241
mfcc_sum,sex,0.07685006403056814
mfcc_mean,vocal_channel,0.004604776296656656
mfcc_mean,emotion,0.060369229812542946
mfcc_mean,emotional_intensity,0.03567539062451926
mfcc_mean,statement,-0.0005980798301327135
mfcc_mean,repetition,-0.00043690685325753747
mfcc_mean,actor,0.16013687231465507
mfcc_mean,sex,0.1138470564113068
mfcc_std,vocal_channel,0.051794753430474676
mfcc_std,emotion,0.10381268875499242
mfcc_std,emotional_intensity,0.07343553139351429
mfcc_std,statement,-0.0005374243618445029
mfcc_std,repetition,-0.0004056008064028055
mfcc_std,actor,0.04978290642683403
mfcc_std,sex,0.004776542711493331
mfcc_min,vocal_channel,0.03355644052674202
mfcc_min,emotion,0.10792319741098996
mfcc_min,emotional_intensity,0.07754562317121975
mfcc_min,statement,-0.0006931428879374524
mfcc_min,repetition,-0.0005571198690497481
mfcc_min,actor,0.04715499565422338
mfcc_min,sex,0.006142446887283624
mfcc_max,vocal_channel,0.03548217037820081
mfcc_max,emotion,0.022266257106634216
mfcc_max,emotional_intensity,0.017301446138431036
mfcc_max,statement,-0.000528153899951916
mfcc_max,repetition,-0.0007067244703146032
mfcc_max,actor,0.11804203207486574
mfcc_max,sex,0.11850177909233943
mfcc_q01,vocal_channel,0.032397234474879216
mfcc_q01,emotion,0.10467857927244095
mfcc_q01,emotional_intensity,0.07540927602609897
mfcc_q01,statement,-0.00035653916547326216
mfcc_q01,repetition,-0.0002935843061447478
mfcc_q01,actor,0.04820305766258031
mfcc_q01,sex,0.0052658577122562744
mfcc_q05,vocal_channel,0.013588969020191794
mfcc_q05,emotion,0.019053402319888505
mfcc_q05,emotional_intensity,0.0045073823857042705
mfcc_q05,statement,0.002988907662935937
mfcc_q05,repetition,-0.00011207680163651048
mfcc_q05,actor,0.11790425218577974
mfcc_q05,sex,0.13573572876115406
mfcc_q25,vocal_channel,0.13000364176435075
mfcc_q25,emotion,0.02994289129158281
mfcc_q25,emotional_intensity,0.01293726506891583
mfcc_q25,statement,0.0015924074716915037
mfcc_q25,repetition,-0.0003274333910522679
mfcc_q25,actor,0.13100254542792325
mfcc_q25,sex,0.15086411940366892
mfcc_q95,vocal_channel,0.004760744040108406
mfcc_q95,emotion,0.031033178941211374
mfcc_q95,emotional_intensity,0.002113806379497068
mfcc_q95,statement,0.0005378620289160278
mfcc_q95,repetition,0.0007858433793701235
mfcc_q95,actor,0.1150746156874105
mfcc_q95,sex,0.11812364671681803
mfcc_q99,vocal_channel,0.0672839049314468
mfcc_q99,emotion,0.025705822915162154
mfcc_q99,emotional_intensity,0.019482111119139143
mfcc_q99,statement,0.0007308906070713942
mfcc_q99,repetition,-0.0007263507745360235
mfcc_q99,actor,0.16365410470610978
mfcc_q99,sex,0.22021877973146256
mfcc_kur,vocal_channel,0.000362479734680273
mfcc_kur,emotion,0.09956574490208576
mfcc_kur,emotional_intensity,0.042738261996461656
mfcc_kur,statement,0.0029659396407781275
mfcc_kur,repetition,0.00032238717018571035
mfcc_kur,actor,0.04454064072240826
mfcc_kur,sex,0.005431708495796755
mfcc_skew,vocal_channel,0.05511989659504384
mfcc_skew,emotion,0.049692855760723624
mfcc_skew,emotional_intensity,0.01893678858882571
mfcc_skew,statement,0.0010992428022788706
mfcc_skew,repetition,0.0001031157621672115
mfcc_skew,actor,0.06276012696605024
mfcc_skew,sex,0.023336370403506484
sc_sum,vocal_channel,0.007115665641025113
sc_sum,emotion,0.01150282161132856
sc_sum,emotional_intensity,0.003919534009714254
sc_sum,statement,0.002051682616934388
sc_sum,repetition,-7.136375071210872e-05
sc_sum,actor,0.0850078977073986
sc_sum,sex,0.007525926825407725
sc_mean,vocal_channel,0.12051765740140667
sc_mean,emotion,0.01625430619848498
sc_mean,emotional_intensity,0.004646520624468702
sc_mean,statement,0.0023965853050074656
sc_mean,repetition,-0.0003809071576998814
sc_mean,actor,0.07942866674986734
sc_mean,sex,0.008996705608964931
sc_std,vocal_channel,0.015033809161511933
sc_std,emotion,0.024596283203764675
sc_std,emotional_intensity,0.0212887129711975
sc_std,statement,0.0011103496152251057
sc_std,repetition,-0.00012731561616031884
sc_std,actor,0.1305237705464034
sc_std,sex,0.008226443588668461
sc_max,vocal_channel,0.007370585064325178
sc_max,emotion,0.004594639603940034
sc_max,emotional_intensity,0.0050889053760716065
sc_max,statement,0.0007948635005501539
sc_max,repetition,-0.0006842162277185101
sc_max,actor,0.12994462472911156
sc_max,sex,0.027569538585003668
sc_q25,vocal_channel,0.04416247335410005
sc_q25,emotion,0.03709455348576332
sc_q25,emotional_intensity,0.01637241525009758
sc_q25,statement,-0.0003580920612139409
sc_q25,repetition,7.987618549294383e-05
sc_q25,actor,0.05765014249155866
sc_q25,sex,0.018769079555651304
sc_q50,vocal_channel,0.17444526990927647
sc_q50,emotion,0.05044356143456483
sc_q50,emotional_intensity,0.014180618644654095
sc_q50,statement,0.0017131850972949866
sc_q50,repetition,-0.00021203130764112455
sc_q50,actor,0.057427040336420765
sc_q50,sex,0.0193959936866945
sc_q75,vocal_channel,0.051207460109157193
sc_q75,emotion,0.02037274392623504
sc_q75,emotional_intensity,0.014068696192928533
sc_q75,statement,0.0044333598067255505
sc_q75,repetition,-0.0005032631337955979
sc_q75,actor,0.1106409851161715
sc_q75,sex,0.013770749886023196
sc_q95,vocal_channel,0.014974915068268892
sc_q95,emotion,0.0068222252159317095
sc_q95,emotional_intensity,0.007594626246974217
sc_q95,statement,0.0005875924746131363
sc_q95,repetition,6.953224532024082e-05
sc_q95,actor,0.17663641461592083
sc_q95,sex,0.018814061826184256
sc_q99,vocal_channel,0.013577746233699419
sc_q99,emotion,0.006262430823351459
sc_q99,emotional_intensity,0.005954474677463043
sc_q99,statement,0.0007384695120313813
sc_q99,repetition,-6.932473603558474e-05
sc_q99,actor,0.1577170003412856
sc_q99,sex,0.021411809553976865
sc_kur,vocal_channel,0.036191793010858384
sc_kur,emotion,0.02532562401566669
sc_kur,emotional_intensity,0.021486853048474357
sc_kur,statement,0.006745836652250373
sc_kur,repetition,0.000304920417287623
sc_kur,actor,0.05147587400246573
sc_kur,sex,0.005606829327733232
sc_skew,vocal_channel,0.16435260554921502
sc_skew,emotion,0.03142474298004322
sc_skew,emotional_intensity,0.015155221092881034
sc_skew,statement,0.00292982876151362
sc_skew,repetition,0.0003013217870766104
sc_skew,actor,0.04513403105559512
sc_skew,sex,0.00957530945365821
stft_sum,vocal_channel,0.00907395423290358
stft_sum,emotion,0.02062203787695329
stft_sum,emotional_intensity,0.001774751081855719
stft_sum,statement,0.0005511379887510044
stft_sum,repetition,-0.0006373802647031278
stft_sum,actor,0.1543022056599088
stft_sum,sex,0.1488720981171523
stft_mean,vocal_channel,0.11449192992900967
stft_mean,emotion,0.01844931684034609
stft_mean,emotional_intensity,0.004887365075087923
stft_mean,statement,0.0006350769841868998
stft_mean,repetition,0.00038799944823478694
stft_mean,actor,0.14161074808868104
stft_mean,sex,0.14202176242133843
stft_std,vocal_channel,0.07521062511706224
stft_std,emotion,0.02315261090679116
stft_std,emotional_intensity,0.006038181437153558
stft_std,statement,0.0007800975665358855
stft_std,repetition,-0.0004023626618098117
stft_std,actor,0.11909286287731717
stft_std,sex,0.14585577121001858
stft_q25,vocal_channel,0.11824791220880168
stft_q25,emotion,0.026589798356144834
stft_q25,emotional_intensity,0.009078923257730851
stft_q25,statement,0.0015484314532735082
stft_q25,repetition,-0.0004389117836381663
stft_q25,actor,0.16709316019593262
stft_q25,sex,0.18906504193681775
stft_q50,vocal_channel,0.1171846750368171
stft_q50,emotion,0.02005990691033559
stft_q50,emotional_intensity,0.005841239451314344
stft_q50,statement,0.0006960603270918647
stft_q50,repetition,0.00026914818385616454
stft_q50,actor,0.11871335967780919
stft_q50,sex,0.10900658358059208
stft_q75,vocal_channel,0.06287711343136244
stft_q75,emotion,0.008675834015162828
stft_q75,emotional_intensity,0.003185418748594536
stft_q75,statement,0.00030224289648614724
stft_q75,repetition,0.00017116747226771586
stft_q75,actor,0.11843970158521992
stft_q75,sex,0.0793527841627999
stft_kur,vocal_channel,0.01313836813673924
stft_kur,emotion,0.008257772657535658
stft_kur,emotional_intensity,0.00047884955753928806
stft_kur,statement,0.0018071663752401807
stft_kur,repetition,-0.0007619196117456009
stft_kur,actor,0.04939319593679184
stft_kur,sex,0.011628671771986735
stft_skew,vocal_channel,0.12290348659883248
stft_skew,emotion,0.01896203159281927
stft_skew,emotional_intensity,0.004444901775421024
stft_skew,statement,0.00028528782501217187
stft_skew,repetition,9.670701877668483e-05
stft_skew,actor,0.10163147666723256
stft_skew,sex,0.08378644565912262
length_w1,vocal_channel,0.2954309260328228
length_w1,emotion,0.07108133960503037
length_w1,emotional_intensity,0.017444912653018292
length_w1,statement,0.00028822854366330005
length_w1,repetition,-0.0005699193092071245
length_w1,actor,0.05754115275238361
length_w1,sex,0.018426808158980647
sum_w1,vocal_channel,0.10014380507128273
sum_w1,emotion,0.022474630301056932
sum_w1,emotional_intensity,0.01024528438505136
sum_w1,statement,0.0013875117386148268
sum_w1,repetition,0.00105687500371175
sum_w1,actor,0.06740687842648603
sum_w1,sex,0.03056960577960087
mean_w1,vocal_channel,0.08819233611919183
mean_w1,emotion,0.021477543344977253
mean_w1,emotional_intensity,0.01015443776661922
mean_w1,statement,0.0007139370704421428
mean_w1,repetition,0.00016907657629338375
mean_w1,actor,0.07159693627898991
mean_w1,sex,0.03270746234205563
std_w1,vocal_channel,0.22313389687054383
std_w1,emotion,0.04330400759999055
std_w1,emotional_intensity,0.021668439187714317
std_w1,statement,0.010257305880936731
std_w1,repetition,-0.0005730957206707168
std_w1,actor,0.060731060516159396
std_w1,sex,0.004622427485021978
min_w1,vocal_channel,0.2122425670084909
min_w1,emotion,0.05004682185797738
min_w1,emotional_intensity,0.020114907721229404
min_w1,statement,0.006402549783527469
min_w1,repetition,7.819340127438426e-05
min_w1,actor,0.03716962268772136
min_w1,sex,0.009415315357780578
max_w1,vocal_channel,0.21479509669430288
max_w1,emotion,0.0480134752064788
max_w1,emotional_intensity,0.019531108064672224
max_w1,statement,0.00847619528172271
max_w1,repetition,0.0015320273983423336
max_w1,actor,0.03704178826248991
max_w1,sex,0.008066177306386852
q01_w1,vocal_channel,0.22079940279164498
q01_w1,emotion,0.04419109038840775
q01_w1,emotional_intensity,0.023921296331747277
q01_w1,statement,0.007579061963144839
q01_w1,repetition,-0.0003131340692550645
q01_w1,actor,0.07209523981510467
q01_w1,sex,0.011784599017485443
q99_w1,vocal_channel,0.2203500345215249
q99_w1,emotion,0.04370739535220552
q99_w1,emotional_intensity,0.02332970545344925
q99_w1,statement,0.007813394189667327
q99_w1,repetition,-0.0006948642602794397
q99_w1,actor,0.0705289203468898
q99_w1,sex,0.007785626881400524
kur_w1,vocal_channel,0.08787991963563255
kur_w1,emotion,0.019747734785814833
kur_w1,emotional_intensity,0.008293580195639385
kur_w1,statement,0.0019826803674405846
kur_w1,repetition,-0.0003227367374222604
kur_w1,actor,0.04790773362257036
kur_w1,sex,0.018951221118206334
skew_w1,vocal_channel,0.02214090798869349
skew_w1,emotion,0.008588908939718967
skew_w1,emotional_intensity,0.00271491178332694
skew_w1,statement,0.00353824035811089
skew_w1,repetition,0.0008640768776067006
skew_w1,actor,0.022457556327300954
skew_w1,sex,0.0029390668731844533
lag1_std_w1,vocal_channel,0.17849544191552272
lag1_std_w1,emotion,0.04428781193759843
lag1_std_w1,emotional_intensity,0.02491187817886169
lag1_std_w1,statement,0.0017216315305519972
lag1_std_w1,repetition,0.0006580434610431114
lag1_std_w1,actor,0.05132478705436724
lag1_std_w1,sex,0.012772559501237303
lag1_min_w1,vocal_channel,0.13552558970574508
lag1_min_w1,emotion,0.055347106372439676
lag1_min_w1,emotional_intensity,0.02371762443179353
lag1_min_w1,statement,-0.00016494206447193428
lag1_min_w1,repetition,-0.00030169251970717047
lag1_min_w1,actor,0.0274318768392856
lag1_min_w1,sex,0.00583991287023442
lag1_max_w1,vocal_channel,0.14777179660672085
lag1_max_w1,emotion,0.05350412944883675
lag1_max_w1,emotional_intensity,0.023914513110215554
lag1_max_w1,statement,0.0005148646256008366
lag1_max_w1,repetition,-0.0001855215312623796
lag1_max_w1,actor,0.029309777542402757
lag1_max_w1,sex,0.0058929624833784534
lag1_kur_w1,vocal_channel,0.13411955736675052
lag1_kur_w1,emotion,0.02026489464752873
lag1_kur_w1,emotional_intensity,0.00875473180987821
lag1_kur_w1,statement,0.0007181798571498907
lag1_kur_w1,repetition,-0.00020384792918151615
lag1_kur_w1,actor,0.04184431029935045
lag1_kur_w1,sex,0.017042982274960785
lag1_skew_w1,vocal_channel,0.10591343585577907
lag1_skew_w1,emotion,0.024264422167897003
lag1_skew_w1,emotional_intensity,0.007373345826731098
lag1_skew_w1,statement,9.71055440760049e-05
lag1_skew_w1,repetition,4.748545453923139e-05
lag1_skew_w1,actor,0.016123106023418588
lag1_skew_w1,sex,0.00419173470883128
zc_sum_w1,vocal_channel,0.05722339664412771
zc_sum_w1,emotion,0.01537572826674856
zc_sum_w1,emotional_intensity,0.011918893110614634
zc_sum_w1,statement,0.0013340514377211475
zc_sum_w1,repetition,-0.00015690175052550357
zc_sum_w1,actor,0.10220068492189159
zc_sum_w1,sex,0.018300063276678654
zc_mean_w1,vocal_channel,0.019560496021073147
zc_mean_w1,emotion,0.012999817076922817
zc_mean_w1,emotional_intensity,0.01063173147288447
zc_mean_w1,statement,0.001443885153205936
zc_mean_w1,repetition,0.0003345288298843913
zc_mean_w1,actor,0.11546339686150145
zc_mean_w1,sex,0.01896967212818312
zc_std_w1,vocal_channel,0.019560496021073147
zc_std_w1,emotion,0.012999817076922817
zc_std_w1,emotional_intensity,0.01063173147288447
zc_std_w1,statement,0.001443885153205936
zc_std_w1,repetition,0.0003345288298843913
zc_std_w1,actor,0.11546339686150145
zc_std_w1,sex,0.01896967212818312
zc_kur_w1,vocal_channel,0.019560496021073147
zc_kur_w1,emotion,0.01299981707692282
zc_kur_w1,emotional_intensity,0.01063173147288447
zc_kur_w1,statement,0.001443885153205936
zc_kur_w1,repetition,0.0003345288298843913
zc_kur_w1,actor,0.11546339686150145
zc_kur_w1,sex,0.01896967212818312
zc_skew_w1,vocal_channel,0.019560496021073147
zc_skew_w1,emotion,0.01299981707692282
zc_skew_w1,emotional_intensity,0.01063173147288447
zc_skew_w1,statement,0.001443885153205936
zc_skew_w1,repetition,0.0003345288298843913
zc_skew_w1,actor,0.11546339686150145
zc_skew_w1,sex,0.01896967212818312
mfcc_sum_w1,vocal_channel,0.02560905215420096
mfcc_sum_w1,emotion,0.024892973471642404
mfcc_sum_w1,emotional_intensity,0.004734459917131838
mfcc_sum_w1,statement,0.002758966108425561
mfcc_sum_w1,repetition,-0.0004144498172025849
mfcc_sum_w1,actor,0.14318618383932466
mfcc_sum_w1,sex,0.0561972959528382
mfcc_mean_w1,vocal_channel,0.06156067373980756
mfcc_mean_w1,emotion,0.019262279702179468
mfcc_mean_w1,emotional_intensity,0.016037376563537785
mfcc_mean_w1,statement,0.0014162370309376267
mfcc_mean_w1,repetition,0.0002142057541318065
mfcc_mean_w1,actor,0.16155857284536873
mfcc_mean_w1,sex,0.033609184535772454
mfcc_std_w1,vocal_channel,0.13813043393658475
mfcc_std_w1,emotion,0.03425250850001755
mfcc_std_w1,emotional_intensity,0.02069007565921556
mfcc_std_w1,statement,0.0008935115646825306
mfcc_std_w1,repetition,0.0011424129060555895
mfcc_std_w1,actor,0.0988643522926766
mfcc_std_w1,sex,0.016861716929590036
mfcc_max_w1,vocal_channel,0.1628894369927605
mfcc_max_w1,emotion,0.02586652266714343
mfcc_max_w1,emotional_intensity,0.01337799068732296
mfcc_max_w1,statement,0.032055377251536496
mfcc_max_w1,repetition,-0.0006706110654978624
mfcc_max_w1,actor,0.044034778955128424
mfcc_max_w1,sex,0.031943689900398635
mfcc_q05_w1,vocal_channel,0.03759501547241158
mfcc_q05_w1,emotion,0.009996746382009272
mfcc_q05_w1,emotional_intensity,0.008741556454901956
mfcc_q05_w1,statement,0.015869324971696457
mfcc_q05_w1,repetition,-0.0004841974163490864
mfcc_q05_w1,actor,0.03361701952638608
mfcc_q05_w1,sex,0.03797163966505292
mfcc_q95_w1,vocal_channel,0.007638892140203742
mfcc_q95_w1,emotion,0.00608062329710188
mfcc_q95_w1,emotional_intensity,0.00479341998293418
mfcc_q95_w1,statement,0.0024425239846101367
mfcc_q95_w1,repetition,-0.00024738464420863063
mfcc_q95_w1,actor,0.13159251440904765
mfcc_q95_w1,sex,0.02845938176540805
mfcc_q99_w1,vocal_channel,0.04673911756291811
mfcc_q99_w1,emotion,0.01634707311684681
mfcc_q99_w1,emotional_intensity,0.012098582124571863
mfcc_q99_w1,statement,0.0037602176493423457
mfcc_q99_w1,repetition,-0.00024893041155450566
mfcc_q99_w1,actor,0.07700282998700518
mfcc_q99_w1,sex,0.021610544298811107
mfcc_kur_w1,vocal_channel,0.11019726734558041
mfcc_kur_w1,emotion,0.030957552706893227
mfcc_kur_w1,emotional_intensity,0.023655685237821376
mfcc_kur_w1,statement,0.0025783794846947214
mfcc_kur_w1,repetition,0.00021469669374389548
mfcc_kur_w1,actor,0.059013494472527725
mfcc_kur_w1,sex,0.02230027928494718
mfcc_skew_w1,vocal_channel,0.05831837884720941
mfcc_skew_w1,emotion,0.02888753126860206
mfcc_skew_w1,emotional_intensity,0.02043119357856446
mfcc_skew_w1,statement,0.006409199291221991
mfcc_skew_w1,repetition,-5.5234216030395985e-05
mfcc_skew_w1,actor,0.06886794410430046
mfcc_skew_w1,sex,0.028931596237926634
sc_sum_w1,vocal_channel,0.008488209497146015
sc_sum_w1,emotion,0.01065971231709123
sc_sum_w1,emotional_intensity,0.003575415647883858
sc_sum_w1,statement,0.0014864216145972606
sc_sum_w1,repetition,-0.00017186740474680812
sc_sum_w1,actor,0.12354949983860798
sc_sum_w1,sex,0.03885084428758733
sc_mean_w1,vocal_channel,0.053770561288290275
sc_mean_w1,emotion,0.010193469902086685
sc_mean_w1,emotional_intensity,0.009896541994535286
sc_mean_w1,statement,1.965746310580488e-05
sc_mean_w1,repetition,-0.0007088609524708115
sc_mean_w1,actor,0.12530304075889842
sc_mean_w1,sex,0.04845761429256769
sc_std_w1,vocal_channel,0.04067720837665493
sc_std_w1,emotion,0.00856094943882175
sc_std_w1,emotional_intensity,0.001653803219409757
sc_std_w1,statement,0.0012823276932784023
sc_std_w1,repetition,0.0004920242664098929
sc_std_w1,actor,0.12828297929538474
sc_std_w1,sex,0.044538328778992296
sc_max_w1,vocal_channel,0.007408814082128591
sc_max_w1,emotion,0.007242972183791431
sc_max_w1,emotional_intensity,0.006774936714107618
sc_max_w1,statement,9.659462949193462e-05
sc_max_w1,repetition,-0.0004216861014275745
sc_max_w1,actor,0.13121711350075663
sc_max_w1,sex,0.024792605723543977
sc_q75_w1,vocal_channel,0.02003881111269559
sc_q75_w1,emotion,0.010051491103221826
sc_q75_w1,emotional_intensity,0.006695908037992917
sc_q75_w1,statement,0.0002524865077038305
sc_q75_w1,repetition,0.0019290361800916582
sc_q75_w1,actor,0.14954097407940223
sc_q75_w1,sex,0.015679906539617344
sc_q95_w1,vocal_channel,0.01195756572498778
sc_q95_w1,emotion,0.007172520864011803
sc_q95_w1,emotional_intensity,0.004670317588572403
sc_q95_w1,statement,7.811209529861324e-05
sc_q95_w1,repetition,-1.579316022715371e-05
sc_q95_w1,actor,0.15156787770040892
sc_q95_w1,sex,0.014363411508751386
sc_q99_w1,vocal_channel,0.010577134463049656
sc_q99_w1,emotion,0.010457871483228109
sc_q99_w1,emotional_intensity,0.005238482572176396
sc_q99_w1,statement,0.0005831606966465967
sc_q99_w1,repetition,-0.00029211616686813246
sc_q99_w1,actor,0.13279756094120118
sc_q99_w1,sex,0.020840558307159203
sc_kur_w1,vocal_channel,0.007705044314001144
sc_kur_w1,emotion,0.003296127961805997
sc_kur_w1,emotional_intensity,0.0041592417039505655
sc_kur_w1,statement,-0.000597239179035012
sc_kur_w1,repetition,-0.00041841766270458254
sc_kur_w1,actor,0.04851207054945176
sc_kur_w1,sex,0.012593245623880617
sc_skew_w1,vocal_channel,0.005280120724926186
sc_skew_w1,emotion,0.004837978235386158
sc_skew_w1,emotional_intensity,0.003387444694621434
sc_skew_w1,statement,0.0012988652527414113
sc_skew_w1,repetition,0.00010050337596739526
sc_skew_w1,actor,0.07068970209520693
sc_skew_w1,sex,0.03527423296027096
stft_sum_w1,vocal_channel,0.03131421063221523
stft_sum_w1,emotion,0.01042136253789864
stft_sum_w1,emotional_intensity,0.002281477126869996
stft_sum_w1,statement,0.001321907641548703
stft_sum_w1,repetition,-6.394188134628606e-06
stft_sum_w1,actor,0.1356818792234366
stft_sum_w1,sex,0.07369582829466818
stft_mean_w1,vocal_channel,0.04009219797115025
stft_mean_w1,emotion,0.010225857703844946
stft_mean_w1,emotional_intensity,0.005821682325596642
stft_mean_w1,statement,0.0007948505719322643
stft_mean_w1,repetition,-0.000225681965648698
stft_mean_w1,actor,0.16307187192183142
stft_mean_w1,sex,0.08747404672526124
stft_std_w1,vocal_channel,0.04387797841655974
stft_std_w1,emotion,0.010460034895599558
stft_std_w1,emotional_intensity,0.0069029483770220385
stft_std_w1,statement,0.002743465401982078
stft_std_w1,repetition,-0.0001585991721481314
stft_std_w1,actor,0.11001796574282753
stft_std_w1,sex,0.060571558219393855
stft_q75_w1,vocal_channel,0.028270187723243998
stft_q75_w1,emotion,0.00851896585610357
stft_q75_w1,emotional_intensity,0.0037057805499282693
stft_q75_w1,statement,0.0003927047898082962
stft_q75_w1,repetition,0.0007979404994541842
stft_q75_w1,actor,0.1480123143415391
stft_q75_w1,sex,0.06205888036875919
stft_kur_w1,vocal_channel,0.01797534125568897
stft_kur_w1,emotion,0.009262502852055291
stft_kur_w1,emotional_intensity,0.005068202414286164
stft_kur_w1,statement,0.001395067893334839
stft_kur_w1,repetition,-0.0005014113567467137
stft_kur_w1,actor,0.05761754278292075
stft_kur_w1,sex,0.013517450669084012
stft_skew_w1,vocal_channel,0.014929340595168407
stft_skew_w1,emotion,0.005449458349632033
stft_skew_w1,emotional_intensity,0.0022215647106877865
stft_skew_w1,statement,0.0007717433440403397
stft_skew_w1,repetition,0.00017725384815099406
stft_skew_w1,actor,0.12863534974454763
stft_skew_w1,sex,0.05478388251142535
length_w2,vocal_channel,0.295425592302636
length_w2,emotion,0.0711057872148106
length_w2,emotional_intensity,0.017260896082872495
length_w2,statement,0.00035898822375477564
length_w2,repetition,-0.000522408775031307
length_w2,actor,0.056371329959903314
length_w2,sex,0.01715046750338991
sum_w2,vocal_channel,0.012129918576807721
sum_w2,emotion,0.02610022717059692
sum_w2,emotional_intensity,0.013370394154933313
sum_w2,statement,0.006930480304859684
sum_w2,repetition,-2.1316678569042076e-05
sum_w2,actor,0.028924490537360088
sum_w2,sex,0.010325424855152913
mean_w2,vocal_channel,0.005131731050843303
mean_w2,emotion,0.027341308388053133
mean_w2,emotional_intensity,0.013541777845874188
mean_w2,statement,0.0073174330296954075
mean_w2,repetition,-0.00015548834105386076
mean_w2,actor,0.03133231990675746
mean_w2,sex,0.010830969202198013
std_w2,vocal_channel,0.04365393536959656
std_w2,emotion,0.10452017021206754
std_w2,emotional_intensity,0.06027703826956702
std_w2,statement,0.0006688466533039664
std_w2,repetition,-0.00012028185705761694
std_w2,actor,0.05411603422703865
std_w2,sex,0.003257481946682484
min_w2,vocal_channel,0.018223934586875438
min_w2,emotion,0.12627702292173365
min_w2,emotional_intensity,0.06855128282566085
min_w2,statement,-0.00024281040058330618
min_w2,repetition,-0.0004931068881248342
min_w2,actor,0.05158633039476239
min_w2,sex,0.000812090661525077
max_w2,vocal_channel,0.014014470908401345
max_w2,emotion,0.12467259314195006
max_w2,emotional_intensity,0.06760169306578036
max_w2,statement,-7.687563839885026e-05
max_w2,repetition,-0.0005584329281458335
max_w2,actor,0.0475352497236228
max_w2,sex,0.001721533817445624
q01_w2,vocal_channel,0.03313129345524008
q01_w2,emotion,0.11053362904414735
q01_w2,emotional_intensity,0.06459567498158751
q01_w2,statement,0.00029441450170767
q01_w2,repetition,-0.00023011323234077606
q01_w2,actor,0.05761690040210286
q01_w2,sex,0.0036638777389804813
q05_w2,vocal_channel,0.05149387897840165
q05_w2,emotion,0.09780011481142704
q05_w2,emotional_intensity,0.05872814855992418
q05_w2,statement,0.0012513170698633946
q05_w2,repetition,-0.0005264517985407484
q05_w2,actor,0.05504200354487388
q05_w2,sex,0.0030564298075295405
q25_w2,vocal_channel,0.06909697598452678
q25_w2,emotion,0.07664765033939373
q25_w2,emotional_intensity,0.049099416141962414
q25_w2,statement,0.014499675673614642
q25_w2,repetition,-0.00016322459693537386
q25_w2,actor,0.044517924003566356
q25_w2,sex,0.001980987873949305
q75_w2,vocal_channel,0.07870084285801197
q75_w2,emotion,0.0746138443503393
q75_w2,emotional_intensity,0.046992864128426536
q75_w2,statement,0.015168525820122509
q75_w2,repetition,-0.00021674109012430963
q75_w2,actor,0.041400497248463806
q75_w2,sex,0.0005057730389501709
q95_w2,vocal_channel,0.04588219064237876
q95_w2,emotion,0.09740817060304875
q95_w2,emotional_intensity,0.0583887045350766
q95_w2,statement,0.0007066385691169219
q95_w2,repetition,-0.0005414948776808416
q95_w2,actor,0.054927974239221335
q95_w2,sex,0.0038357058775411496
q99_w2,vocal_channel,0.02969380339468198
q99_w2,emotion,0.10993027656902828
q99_w2,emotional_intensity,0.06479720863732506
q99_w2,statement,2.2334209636340423e-06
q99_w2,repetition,-0.0004925649931356681
q99_w2,actor,0.05491213020517184
q99_w2,sex,0.0031554685769535685
kur_w2,vocal_channel,0.10104580473404422
kur_w2,emotion,0.030663235865097945
kur_w2,emotional_intensity,0.004290286686228954
kur_w2,statement,0.04070795659028038
kur_w2,repetition,-0.0003638530592165961
kur_w2,actor,0.016561764586199464
kur_w2,sex,0.003741671059329408
skew_w2,vocal_channel,0.005041429993913615
skew_w2,emotion,0.019264331545848182
skew_w2,emotional_intensity,0.004133971450654868
skew_w2,statement,0.006866639885297607
skew_w2,repetition,-0.00019592314502842918
skew_w2,actor,0.09445843113466287
skew_w2,sex,0.017946824776653915
lag1_sum_w2,vocal_channel,0.038643052008437415
lag1_sum_w2,emotion,0.023456243772849356
lag1_sum_w2,emotional_intensity,0.019131106403605765
lag1_sum_w2,statement,0.006270572144721641
lag1_sum_w2,repetition,-0.0004760175873008514
lag1_sum_w2,actor,0.012570185863798758
lag1_sum_w2,sex,0.0025585989050553233
lag1_mean_w2,vocal_channel,0.023340784014492428
lag1_mean_w2,emotion,0.024750263439032652
lag1_mean_w2,emotional_intensity,0.017999892095977587
lag1_mean_w2,statement,0.0067993804640494575
lag1_mean_w2,repetition,-0.0003614612995067526
lag1_mean_w2,actor,0.01650575854386101
lag1_mean_w2,sex,0.0022712096845609983
lag1_std_w2,vocal_channel,0.012018588578724163
lag1_std_w2,emotion,0.11662728085005418
lag1_std_w2,emotional_intensity,0.06402594855987695
lag1_std_w2,statement,0.01539116195608454
lag1_std_w2,repetition,-0.0004908419057861794
lag1_std_w2,actor,0.0462451299437911
lag1_std_w2,sex,0.014858358335431279
lag1_min_w2,vocal_channel,0.004470819809028197
lag1_min_w2,emotion,0.11303493833117972
lag1_min_w2,emotional_intensity,0.05715995335501333
lag1_min_w2,statement,0.005094331563631769
lag1_min_w2,repetition,-0.0008755890213445143
lag1_min_w2,actor,0.05699032343446831
lag1_min_w2,sex,0.021542509125885092
lag1_max_w2,vocal_channel,0.004621314274351718
lag1_max_w2,emotion,0.11523869228123126
lag1_max_w2,emotional_intensity,0.06025205614494152
lag1_max_w2,statement,0.003426367749598281
lag1_max_w2,repetition,0.00021485771981823537
lag1_max_w2,actor,0.05708078407782953
lag1_max_w2,sex,0.020302274227102065
lag1_q01_w2,vocal_channel,0.00974218598170521
lag1_q01_w2,emotion,0.11259321404418562
lag1_q01_w2,emotional_intensity,0.06148641516354068
lag1_q01_w2,statement,0.02027622799871635
lag1_q01_w2,repetition,-0.00023216003777038616
lag1_q01_w2,actor,0.043671538851513
lag1_q01_w2,sex,0.014055760979027282
lag1_q05_w2,vocal_channel,0.014623585442600374
lag1_q05_w2,emotion,0.11396539003513056
lag1_q05_w2,emotional_intensity,0.06467940153036636
lag1_q05_w2,statement,0.020340823865257415
lag1_q05_w2,repetition,-0.000927967349032812
lag1_q05_w2,actor,0.039494753546189185
lag1_q05_w2,sex,0.012407161488067473
lag1_q25_w2,vocal_channel,0.03940244639387879
lag1_q25_w2,emotion,0.0973283618293843
lag1_q25_w2,emotional_intensity,0.06054161155048804
lag1_q25_w2,statement,0.013923834196183179
lag1_q25_w2,repetition,-0.00030258282641887026
lag1_q25_w2,actor,0.04204075992552043
lag1_q25_w2,sex,0.011289208882846215
lag1_q75_w2,vocal_channel,0.03353351428591184
lag1_q75_w2,emotion,0.09838526070941242
lag1_q75_w2,emotional_intensity,0.06228413098282114
lag1_q75_w2,statement,0.016585121283821017
lag1_q75_w2,repetition,-5.035837013102725e-05
lag1_q75_w2,actor,0.03938550641537205
lag1_q75_w2,sex,0.010669121029183798
lag1_q95_w2,vocal_channel,0.01756268192044882
lag1_q95_w2,emotion,0.11091476121348773
lag1_q95_w2,emotional_intensity,0.06493751230893885
lag1_q95_w2,statement,0.019665185331625146
lag1_q95_w2,repetition,-0.0005249206484440529
lag1_q95_w2,actor,0.03990327997653295
lag1_q95_w2,sex,0.012530663539093753
lag1_q99_w2,vocal_channel,0.011783053563134529
lag1_q99_w2,emotion,0.11426620074649951
lag1_q99_w2,emotional_intensity,0.061256315902824196
lag1_q99_w2,statement,0.01670807475080703
lag1_q99_w2,repetition,-0.00046994300315270424
lag1_q99_w2,actor,0.04518151258511611
lag1_q99_w2,sex,0.01368366556418414
lag1_kur_w2,vocal_channel,0.03674380039828451
lag1_kur_w2,emotion,0.022106459762992376
lag1_kur_w2,emotional_intensity,0.007427800808430298
lag1_kur_w2,statement,0.06283368525941871
lag1_kur_w2,repetition,-0.00011059853598887777
lag1_kur_w2,actor,0.023158470474405318
lag1_kur_w2,sex,0.0035066437156339274
lag1_skew_w2,vocal_channel,0.019644212730007365
lag1_skew_w2,emotion,0.010727773306025989
lag1_skew_w2,emotional_intensity,0.00019743952200417214
lag1_skew_w2,statement,0.05795811369519906
lag1_skew_w2,repetition,-0.0010003184608462971
lag1_skew_w2,actor,0.03269140742983323
lag1_skew_w2,sex,0.014987270623827932
zc_sum_w2,vocal_channel,0.004744170241244854
zc_sum_w2,emotion,0.024687459454854763
zc_sum_w2,emotional_intensity,0.010407805808542604
zc_sum_w2,statement,0.0900424611141152
zc_sum_w2,repetition,-0.0004124046162028599
zc_sum_w2,actor,0.07609423672521232
zc_sum_w2,sex,0.09685670164766892
zc_mean_w2,vocal_channel,0.062369362377492285
zc_mean_w2,emotion,0.0334383727058795
zc_mean_w2,emotional_intensity,0.0047326924798498605
zc_mean_w2,statement,0.08448612121923274
zc_mean_w2,repetition,-0.0002607577035556588
zc_mean_w2,actor,0.05953613674240936
zc_mean_w2,sex,0.07498660084727862
zc_std_w2,vocal_channel,0.062369362377492285
zc_std_w2,emotion,0.0334383727058795
zc_std_w2,emotional_intensity,0.0047326924798498605
zc_std_w2,statement,0.08448612121923274
zc_std_w2,repetition,-0.0002607577035556588
zc_std_w2,actor,0.05953613674240936
zc_std_w2,sex,0.07498660084727862
zc_kur_w2,vocal_channel,0.062369362377492285
zc_kur_w2,emotion,0.0334383727058795
zc_kur_w2,emotional_intensity,0.0047326924798498605
zc_kur_w2,statement,0.08448612121923274
zc_kur_w2,repetition,-0.0002607577035556588
zc_kur_w2,actor,0.05953613674240936
zc_kur_w2,sex,0.07498660084727864
zc_skew_w2,vocal_channel,0.062369362377492285
zc_skew_w2,emotion,0.0334383727058795
zc_skew_w2,emotional_intensity,0.0047326924798498605
zc_skew_w2,statement,0.08448612121923274
zc_skew_w2,repetition,-0.0002607577035556588
zc_skew_w2,actor,0.05953613674240936
zc_skew_w2,sex,0.07498660084727864
mfcc_sum_w2,vocal_channel,0.07233226017473489
mfcc_sum_w2,emotion,0.05004486283335391
mfcc_sum_w2,emotional_intensity,0.007232398466257984
mfcc_sum_w2,statement,0.0015179197183418322
mfcc_sum_w2,repetition,-0.0007553140717319471
mfcc_sum_w2,actor,0.12325245291382911
mfcc_sum_w2,sex,0.13119341108470825
mfcc_mean_w2,vocal_channel,0.007958407672960459
mfcc_mean_w2,emotion,0.046243863481864975
mfcc_mean_w2,emotional_intensity,0.01900318879028113
mfcc_mean_w2,statement,0.0020450582272660296
mfcc_mean_w2,repetition,-0.0007441192045380736
mfcc_mean_w2,actor,0.17766443298517162
mfcc_mean_w2,sex,0.18518795861737414
mfcc_std_w2,vocal_channel,0.0348634143315405
mfcc_std_w2,emotion,0.10940944897069148
mfcc_std_w2,emotional_intensity,0.06735949684274382
mfcc_std_w2,statement,0.0013414957643178374
mfcc_std_w2,repetition,-0.00036228386712809245
mfcc_std_w2,actor,0.04854070487057875
mfcc_std_w2,sex,0.002816523536922911
mfcc_min_w2,vocal_channel,0.1572404944427002
mfcc_min_w2,emotion,0.07821077578122594
mfcc_min_w2,emotional_intensity,0.036851354772685446
mfcc_min_w2,statement,0.0011215765081853469
mfcc_min_w2,repetition,-0.0006579684323891709
mfcc_min_w2,actor,0.037102426464721255
mfcc_min_w2,sex,-0.0002691879859789403
mfcc_max_w2,vocal_channel,0.0074607264214553584
mfcc_max_w2,emotion,0.013992339299585864
mfcc_max_w2,emotional_intensity,0.011196767351837035
mfcc_max_w2,statement,0.0035686252939425888
mfcc_max_w2,repetition,-0.00043534969058142345
mfcc_max_w2,actor,0.12447584918669584
mfcc_max_w2,sex,0.15767367245732478
mfcc_q01_w2,vocal_channel,0.04067535237364169
mfcc_q01_w2,emotion,0.0913481031909741
mfcc_q01_w2,emotional_intensity,0.0556964983756952
mfcc_q01_w2,statement,0.009482216813894035
mfcc_q01_w2,repetition,-0.0006402598328547561
mfcc_q01_w2,actor,0.04437381271065829
mfcc_q01_w2,sex,0.0046805938576834575
mfcc_q05_w2,vocal_channel,0.010455463309159824
mfcc_q05_w2,emotion,0.018566682761145172
mfcc_q05_w2,emotional_intensity,0.0032853123454901646
mfcc_q05_w2,statement,0.0039064467772777865
mfcc_q05_w2,repetition,-6.123205818441054e-05
mfcc_q05_w2,actor,0.11983584608244725
mfcc_q05_w2,sex,0.13409395838592264
mfcc_q25_w2,vocal_channel,0.07038282993705186
mfcc_q25_w2,emotion,0.021614180150327275
mfcc_q25_w2,emotional_intensity,0.009584913196214642
mfcc_q25_w2,statement,0.012774973670894224
mfcc_q25_w2,repetition,-0.0009223139125701124
mfcc_q25_w2,actor,0.1306714616616035
mfcc_q25_w2,sex,0.16071364060639903
mfcc_q50_w2,vocal_channel,0.0865137957470313
mfcc_q50_w2,emotion,0.014230443907222145
mfcc_q50_w2,emotional_intensity,0.003537245541532809
mfcc_q50_w2,statement,0.014666578039434318
mfcc_q50_w2,repetition,-0.00013054463992160926
mfcc_q50_w2,actor,0.11816788963646858
mfcc_q50_w2,sex,0.13625268313952585
mfcc_q75_w2,vocal_channel,0.03676085976777609
mfcc_q75_w2,emotion,0.003716987139448652
mfcc_q75_w2,emotional_intensity,0.000432149308032936
mfcc_q75_w2,statement,0.009569423585472471
mfcc_q75_w2,repetition,0.0001942367479935005
mfcc_q75_w2,actor,0.10205540736455053
mfcc_q75_w2,sex,0.09994428584518343
mfcc_q95_w2,vocal_channel,0.049659200377282324
mfcc_q95_w2,emotion,0.03363022048138174
mfcc_q95_w2,emotional_intensity,0.0033823091972895966
mfcc_q95_w2,statement,0.006519635826971068
mfcc_q95_w2,repetition,4.5354801726858445e-05
mfcc_q95_w2,actor,0.10915487264759414
mfcc_q95_w2,sex,0.15188629147437918
mfcc_q99_w2,vocal_channel,0.022073821304448876
mfcc_q99_w2,emotion,0.011908399397232502
mfcc_q99_w2,emotional_intensity,0.013991213612811226
mfcc_q99_w2,statement,0.007859040465735656
mfcc_q99_w2,repetition,-0.00045342562764815445
mfcc_q99_w2,actor,0.15031792507270944
mfcc_q99_w2,sex,0.20754926660947537
mfcc_kur_w2,vocal_channel,0.24009902572882755
mfcc_kur_w2,emotion,0.06891714240378957
mfcc_kur_w2,emotional_intensity,0.012382086530554053
mfcc_kur_w2,statement,0.009146066405032348
mfcc_kur_w2,repetition,-0.0005711367897156336
mfcc_kur_w2,actor,0.05819224756443419
mfcc_kur_w2,sex,0.03250978594068156
mfcc_skew_w2,vocal_channel,0.17005854920574048
mfcc_skew_w2,emotion,0.06511591502201232
mfcc_skew_w2,emotional_intensity,0.012731452805653194
mfcc_skew_w2,statement,0.0032859031934837734
mfcc_skew_w2,repetition,-0.0005298910467533444
mfcc_skew_w2,actor,0.061260385165561496
mfcc_skew_w2,sex,0.033020680066397835
sc_sum_w2,vocal_channel,0.03167725768743337
sc_sum_w2,emotion,0.020261448723418854
sc_sum_w2,emotional_intensity,0.0040822063008036265
sc_sum_w2,statement,0.03796391412350265
sc_sum_w2,repetition,0.0002508909082744707
sc_sum_w2,actor,0.10257718599945134
sc_sum_w2,sex,0.13421280470378852
sc_mean_w2,vocal_channel,0.1699816045973531
sc_mean_w2,emotion,0.046089637531240124
sc_mean_w2,emotional_intensity,0.00012637627307928465
sc_mean_w2,statement,0.023712951450149334
sc_mean_w2,repetition,-0.000492359696409684
sc_mean_w2,actor,0.06397255179688549
sc_mean_w2,sex,0.0587217215051643
sc_std_w2,vocal_channel,0.06318282579494446
sc_std_w2,emotion,0.012149832454485364
sc_std_w2,emotional_intensity,0.0054993069551413
sc_std_w2,statement,0.1057275779628608
sc_std_w2,repetition,-0.0007575379451428286
sc_std_w2,actor,0.060640242069491423
sc_std_w2,sex,0.039143000197753915
sc_min_w2,vocal_channel,0.02788110779162502
sc_min_w2,emotion,0.010906841891770769
sc_min_w2,emotional_intensity,0.00941519224360846
sc_min_w2,statement,0.00563277242316101
sc_min_w2,repetition,-0.0005013353251118665
sc_min_w2,actor,0.0716464170622636
sc_min_w2,sex,0.027995880547072652
sc_max_w2,vocal_channel,0.04249694533361689
sc_max_w2,emotion,0.013885689653860918
sc_max_w2,emotional_intensity,0.00033763823852622516
sc_max_w2,statement,0.002861739741355589
sc_max_w2,repetition,-0.00012871739440066288
sc_max_w2,actor,0.13270093862764784
sc_max_w2,sex,0.1393031766919148
sc_q01_w2,vocal_channel,0.027871521786429952
sc_q01_w2,emotion,0.012586428860659271
sc_q01_w2,emotional_intensity,0.010033662283123438
sc_q01_w2,statement,0.00519818983383707
sc_q01_w2,repetition,-0.0003500044652715078
sc_q01_w2,actor,0.07436861822479611
sc_q01_w2,sex,0.03277782910880127
sc_q05_w2,vocal_channel,0.03921098651137201
sc_q05_w2,emotion,0.020545329191671687
sc_q05_w2,emotional_intensity,0.013773684566661249
sc_q05_w2,statement,0.001307986916683471
sc_q05_w2,repetition,-0.000360709611927167
sc_q05_w2,actor,0.08249399857507775
sc_q05_w2,sex,0.04583655272061424
sc_q25_w2,vocal_channel,0.04560775275645715
sc_q25_w2,emotion,0.03988389613782344
sc_q25_w2,emotional_intensity,0.013746180735640906
sc_q25_w2,statement,2.4471027938090792e-05
sc_q25_w2,repetition,-0.0003907100152800796
sc_q25_w2,actor,0.08805536328833588
sc_q25_w2,sex,0.08974692754084589
sc_q50_w2,vocal_channel,0.13200189333636647
sc_q50_w2,emotion,0.05867716068814572
sc_q50_w2,emotional_intensity,0.002687067868561036
sc_q50_w2,statement,0.00025326529997506277
sc_q50_w2,repetition,-0.0006196969573895877
sc_q50_w2,actor,0.06785592097293425
sc_q50_w2,sex,0.06892121777927297
sc_q75_w2,vocal_channel,0.21871437844247277
sc_q75_w2,emotion,0.04331980577251546
sc_q75_w2,emotional_intensity,0.004183965318443637
sc_q75_w2,statement,0.056283317625990446
sc_q75_w2,repetition,-0.0009625629650382903
sc_q75_w2,actor,0.053806791362423785
sc_q75_w2,sex,0.03449184633267563
sc_q95_w2,vocal_channel,0.04980786804442229
sc_q95_w2,emotion,0.015504307034585035
sc_q95_w2,emotional_intensity,0.0012223083217233921
sc_q95_w2,statement,0.04485617369241995
sc_q95_w2,repetition,-0.0008868177317401437
sc_q95_w2,actor,0.09857302509154663
sc_q95_w2,sex,0.08487829692126166
sc_q99_w2,vocal_channel,0.04159797583467651
sc_q99_w2,emotion,0.01221906263127024
sc_q99_w2,emotional_intensity,0.0008066010477502427
sc_q99_w2,statement,0.0059048490081105975
sc_q99_w2,repetition,0.0005581575746125827
sc_q99_w2,actor,0.12870710455368434
sc_q99_w2,sex,0.13771892763677343
sc_kur_w2,vocal_channel,0.16871119782820942
sc_kur_w2,emotion,0.036430117159435164
sc_kur_w2,emotional_intensity,0.003783123705233847
sc_kur_w2,statement,0.09474920328473652
sc_kur_w2,repetition,-4.7399540430200465e-06
sc_kur_w2,actor,0.02229710068594151
sc_kur_w2,sex,0.001591737287050223
sc_skew_w2,vocal_channel,0.23182834294085006
sc_skew_w2,emotion,0.05419972483604686
sc_skew_w2,emotional_intensity,0.002746017066885644
sc_skew_w2,statement,0.05418235274951757
sc_skew_w2,repetition,0.001145904851214268
sc_skew_w2,actor,0.021886349880186753
sc_skew_w2,sex,0.0002732834612199368
stft_sum_w2,vocal_channel,0.015960889446952432
stft_sum_w2,emotion,0.028205824436458277
stft_sum_w2,emotional_intensity,0.0007450968909662557
stft_sum_w2,statement,0.003982865110546753
stft_sum_w2,repetition,-5.8455067821178254e-05
stft_sum_w2,actor,0.1196574136383709
stft_sum_w2,sex,0.17687569980750598
stft_mean_w2,vocal_channel,0.19085697194780873
stft_mean_w2,emotion,0.04734339883474542
stft_mean_w2,emotional_intensity,0.006813288930136114
stft_mean_w2,statement,0.003706578795868149
stft_mean_w2,repetition,-0.0003298894570855472
stft_mean_w2,actor,0.09435211952446924
stft_mean_w2,sex,0.12231064171097704
stft_std_w2,vocal_channel,0.05016657660033114
stft_std_w2,emotion,0.0248387065465146
stft_std_w2,emotional_intensity,0.0006096338411071261
stft_std_w2,statement,0.010203346818420332
stft_std_w2,repetition,0.0005334858880586911
stft_std_w2,actor,0.059231900428347826
stft_std_w2,sex,0.09009247332191461
stft_min_w2,vocal_channel,0.06241910178105936
stft_min_w2,emotion,0.018489175834595615
stft_min_w2,emotional_intensity,0.010582366263333908
stft_min_w2,statement,0.0007946101125744967
stft_min_w2,repetition,-0.0008311481893038801
stft_min_w2,actor,0.12687155573395445
stft_min_w2,sex,0.19370204700072532
stft_q01_w2,vocal_channel,0.0762458846345932
stft_q01_w2,emotion,0.02325667546256204
stft_q01_w2,emotional_intensity,0.008626633902721887
stft_q01_w2,statement,0.0017049758154952012
stft_q01_w2,repetition,-0.0005544932703490392
stft_q01_w2,actor,0.1371628555291728
stft_q01_w2,sex,0.20976617376812967
stft_q05_w2,vocal_channel,0.09571673285689891
stft_q05_w2,emotion,0.03141545981971007
stft_q05_w2,emotional_intensity,0.008214313904847882
stft_q05_w2,statement,0.0037570617452494007
stft_q05_w2,repetition,-0.0008264249341273023
stft_q05_w2,actor,0.14046359476990605
stft_q05_w2,sex,0.21534054048328385
stft_q25_w2,vocal_channel,0.13985323520053608
stft_q25_w2,emotion,0.04775974342679088
stft_q25_w2,emotional_intensity,0.00802265179075785
stft_q25_w2,statement,0.00576937044857507
stft_q25_w2,repetition,0.0002872379122300838
stft_q25_w2,actor,0.10576700729042102
stft_q25_w2,sex,0.1451178668206968
stft_q50_w2,vocal_channel,0.19860394534067047
stft_q50_w2,emotion,0.05124708369525157
stft_q50_w2,emotional_intensity,0.006241035400065994
stft_q50_w2,statement,0.003469588648115824
stft_q50_w2,repetition,1.574356140185904e-05
stft_q50_w2,actor,0.0839732920912453
stft_q50_w2,sex,0.11008755645283219
stft_q75_w2,vocal_channel,0.20568106222287058
stft_q75_w2,emotion,0.04342902935166927
stft_q75_w2,emotional_intensity,0.0068320972674891945
stft_q75_w2,statement,0.0006600708845226439
stft_q75_w2,repetition,-0.0003407961123020846
stft_q75_w2,actor,0.07650473496038136
stft_q75_w2,sex,0.0861916333909641
stft_kur_w2,vocal_channel,0.2068994394199538
stft_kur_w2,emotion,0.045290385581828525
stft_kur_w2,emotional_intensity,0.006410703948661951
stft_kur_w2,statement,0.0024966097546233294
stft_kur_w2,repetition,-0.00011787320320980632
stft_kur_w2,actor,0.06270739281924764
stft_kur_w2,sex,0.06628568074644835
stft_skew_w2,vocal_channel,0.22116481275375316
stft_skew_w2,emotion,0.04547340451438043
stft_skew_w2,emotional_intensity,0.00559854490950807
stft_skew_w2,statement,0.0013431514345475604
stft_skew_w2,repetition,-0.0005838376462383454
stft_skew_w2,actor,0.07049849049200284
stft_skew_w2,sex,0.08561826875998926
length_w3,vocal_channel,0.29486704703282346
length_w3,emotion,0.07105173979479201
length_w3,emotional_intensity,0.01755046945879264
length_w3,statement,0.0005590209009983801
length_w3,repetition,-0.0004661855410356338
length_w3,actor,0.056434619737167985
length_w3,sex,0.01714731432129296
sum_w3,vocal_channel,0.010329062262520982
sum_w3,emotion,0.023511713942684205
sum_w3,emotional_intensity,0.015244030842476825
sum_w3,statement,0.00231399347976894
sum_w3,repetition,-0.0005335270130204174
sum_w3,actor,0.03740499061809655
sum_w3,sex,0.00816820796265658
mean_w3,vocal_channel,0.0033401863568458963
mean_w3,emotion,0.024229179097063114
mean_w3,emotional_intensity,0.01331132549800158
mean_w3,statement,0.0014566892022592948
mean_w3,repetition,-0.00040911267281836677
mean_w3,actor,0.039174782451866084
mean_w3,sex,0.009379899887807781
std_w3,vocal_channel,0.05753377097705362
std_w3,emotion,0.10790194519955439
std_w3,emotional_intensity,0.06544880788207182
std_w3,statement,-0.0006622371677721488
std_w3,repetition,-0.00023920437889944467
std_w3,actor,0.042109631180221985
std_w3,sex,0.003230749064670368
min_w3,vocal_channel,0.03382275144250659
min_w3,emotion,0.11893870430421918
min_w3,emotional_intensity,0.07061705847650965
min_w3,statement,-0.0005064064327574023
min_w3,repetition,-0.0001311940910111834
min_w3,actor,0.045750319781897905
min_w3,sex,0.002586474786553057
max_w3,vocal_channel,0.0276252852655723
max_w3,emotion,0.12237375226664725
max_w3,emotional_intensity,0.07350724602732711
max_w3,statement,-0.0008461260485902608
max_w3,repetition,-3.138898952533064e-05
max_w3,actor,0.04461420430769313
max_w3,sex,0.002075055776760374
q01_w3,vocal_channel,0.04685113222602027
q01_w3,emotion,0.10971654463019026
q01_w3,emotional_intensity,0.0675726183181959
q01_w3,statement,-0.0005577692335583355
q01_w3,repetition,3.2060349202226036e-05
q01_w3,actor,0.048716191455395325
q01_w3,sex,0.0031338111085122693
q05_w3,vocal_channel,0.05827460415693415
q05_w3,emotion,0.10512937265794066
q05_w3,emotional_intensity,0.06389938409257308
q05_w3,statement,0.00012075762417749168
q05_w3,repetition,-0.0003258964515859321
q05_w3,actor,0.04094222893117202
q05_w3,sex,0.0032434263729305343
q25_w3,vocal_channel,0.09074882192060722
q25_w3,emotion,0.09092811300928894
q25_w3,emotional_intensity,0.0456398944367158
q25_w3,statement,-0.00042864414731526247
q25_w3,repetition,-8.572197086237068e-05
q25_w3,actor,0.04576207865452612
q25_w3,sex,0.0052231879642407
q75_w3,vocal_channel,0.09711849035903129
q75_w3,emotion,0.0903021515514157
q75_w3,emotional_intensity,0.04542976657320252
q75_w3,statement,-0.0010848720095925754
q75_w3,repetition,5.607891002703024e-05
q75_w3,actor,0.04691993805656654
q75_w3,sex,0.004100991486248724
q95_w3,vocal_channel,0.05500716967099479
q95_w3,emotion,0.10549972808826602
q95_w3,emotional_intensity,0.06317124744861223
q95_w3,statement,-0.0007301289519613352
q95_w3,repetition,-0.0006991157008043349
q95_w3,actor,0.04270443945627307
q95_w3,sex,0.004219795211352995
q99_w3,vocal_channel,0.04423503902006567
q99_w3,emotion,0.11064466463877784
q99_w3,emotional_intensity,0.06885372580383887
q99_w3,statement,-0.0003960110497084738
q99_w3,repetition,-0.00016888477259814058
q99_w3,actor,0.04045451994938799
q99_w3,sex,0.002490172195392978
kur_w3,vocal_channel,0.11074551935394923
kur_w3,emotion,0.03413919113315125
kur_w3,emotional_intensity,0.002032075796386908
kur_w3,statement,0.00015898090497464833
kur_w3,repetition,0.0019442869732819573
kur_w3,actor,0.04843241206544939
kur_w3,sex,0.009481071045947441
skew_w3,vocal_channel,0.015134575381811208
skew_w3,emotion,0.027713977282727984
skew_w3,emotional_intensity,0.008369177552932375
skew_w3,statement,-0.0009112783554988364
skew_w3,repetition,-0.0001988965920510227
skew_w3,actor,0.10771385377818539
skew_w3,sex,0.007306579580809417
lag1_sum_w3,vocal_channel,0.03317996786639399
lag1_sum_w3,emotion,0.02658434708052559
lag1_sum_w3,emotional_intensity,0.016157294124098685
lag1_sum_w3,statement,0.0015471766405117586
lag1_sum_w3,repetition,-0.0002534476213695951
lag1_sum_w3,actor,0.010345361943326055
lag1_sum_w3,sex,0.0011114790045654434
lag1_mean_w3,vocal_channel,0.01991855388406302
lag1_mean_w3,emotion,0.029265812627174703
lag1_mean_w3,emotional_intensity,0.01637699264280818
lag1_mean_w3,statement,0.001272328002226696
lag1_mean_w3,repetition,-0.0005376459785263666
lag1_mean_w3,actor,0.010170045758661405
lag1_mean_w3,sex,0.0010199398993406782
lag1_std_w3,vocal_channel,0.04351694208724767
lag1_std_w3,emotion,0.12187134498984957
lag1_std_w3,emotional_intensity,0.06788968974195077
lag1_std_w3,statement,-0.0006873707636508374
lag1_std_w3,repetition,-0.0001384337168980123
lag1_std_w3,actor,0.040872782271683776
lag1_std_w3,sex,0.00893404166387043
lag1_min_w3,vocal_channel,0.014983624944432027
lag1_min_w3,emotion,0.1337656888495818
lag1_min_w3,emotional_intensity,0.0716022283671989
lag1_min_w3,statement,-0.00025362579294786476
lag1_min_w3,repetition,-0.0003827033321837817
lag1_min_w3,actor,0.042628308324097475
lag1_min_w3,sex,0.011279238487644104
lag1_max_w3,vocal_channel,0.019641628346752538
lag1_max_w3,emotion,0.12512843888734268
lag1_max_w3,emotional_intensity,0.06784778925427191
lag1_max_w3,statement,-0.00016500179297533173
lag1_max_w3,repetition,-0.00038958125301403004
lag1_max_w3,actor,0.04081189907631006
lag1_max_w3,sex,0.005887309372999447
lag1_q01_w3,vocal_channel,0.036674932639670255
lag1_q01_w3,emotion,0.12904262188654342
lag1_q01_w3,emotional_intensity,0.06953365218260414
lag1_q01_w3,statement,-0.000368122156653588
lag1_q01_w3,repetition,-0.00043944866894865103
lag1_q01_w3,actor,0.04318700798301548
lag1_q01_w3,sex,0.007337309729397182
lag1_q05_w3,vocal_channel,0.04796298386084542
lag1_q05_w3,emotion,0.11806722489475538
lag1_q05_w3,emotional_intensity,0.0690569689360377
lag1_q05_w3,statement,-0.0008038661964556657
lag1_q05_w3,repetition,-0.0005348369679483597
lag1_q05_w3,actor,0.04267334456722049
lag1_q05_w3,sex,0.009340388716372373
lag1_q25_w3,vocal_channel,0.09074151042087873
lag1_q25_w3,emotion,0.10289003226334567
lag1_q25_w3,emotional_intensity,0.053095143928525795
lag1_q25_w3,statement,-0.0006053907631686852
lag1_q25_w3,repetition,-0.0005321897417335471
lag1_q25_w3,actor,0.04277766876585821
lag1_q25_w3,sex,0.014357115166584796
lag1_q75_w3,vocal_channel,0.08759208952109879
lag1_q75_w3,emotion,0.10245523811079582
lag1_q75_w3,emotional_intensity,0.054648923185678995
lag1_q75_w3,statement,-0.0003665973336577541
lag1_q75_w3,repetition,-0.000370401787765813
lag1_q75_w3,actor,0.03961047723991383
lag1_q75_w3,sex,0.012401784867377289
lag1_q95_w3,vocal_channel,0.05472113837081671
lag1_q95_w3,emotion,0.1144263774452776
lag1_q95_w3,emotional_intensity,0.06710054787892569
lag1_q95_w3,statement,-0.0008259376516293052
lag1_q95_w3,repetition,-0.0005680384801950394
lag1_q95_w3,actor,0.04402406335541873
lag1_q95_w3,sex,0.010361861799104177
lag1_q99_w3,vocal_channel,0.0415772518639451
lag1_q99_w3,emotion,0.12379084633335123
lag1_q99_w3,emotional_intensity,0.06685106282572299
lag1_q99_w3,statement,-0.0007651994618043796
lag1_q99_w3,repetition,-0.0005196496770045494
lag1_q99_w3,actor,0.04214107559378301
lag1_q99_w3,sex,0.009692507490154802
lag1_kur_w3,vocal_channel,0.10592078704017617
lag1_kur_w3,emotion,0.017579047492854296
lag1_kur_w3,emotional_intensity,0.005260488012754162
lag1_kur_w3,statement,-0.00015521231914792521
lag1_kur_w3,repetition,-0.0005235861154361773
lag1_kur_w3,actor,0.046608318608089686
lag1_kur_w3,sex,0.009627486799245353
lag1_skew_w3,vocal_channel,0.020843002837237428
lag1_skew_w3,emotion,0.029834362435649298
lag1_skew_w3,emotional_intensity,0.018353722215068778
lag1_skew_w3,statement,-0.00030398475450414995
lag1_skew_w3,repetition,0.0006357856168893673
lag1_skew_w3,actor,0.03718512595655486
lag1_skew_w3,sex,0.0023501748436757356
zc_sum_w3,vocal_channel,0.028143342644737914
zc_sum_w3,emotion,0.03614778415208254
zc_sum_w3,emotional_intensity,0.023700968626971103
zc_sum_w3,statement,0.0004606297832765255
zc_sum_w3,repetition,-0.0005132020128587726
zc_sum_w3,actor,0.08784219111955087
zc_sum_w3,sex,0.05765902554062264
zc_mean_w3,vocal_channel,0.009251929231902595
zc_mean_w3,emotion,0.05094910446210312
zc_mean_w3,emotional_intensity,0.02263820047347012
zc_mean_w3,statement,0.0012228991597993204
zc_mean_w3,repetition,-0.0004835067715564493
zc_mean_w3,actor,0.08807246860615787
zc_mean_w3,sex,0.06150988807907026
zc_std_w3,vocal_channel,0.009251929231902595
zc_std_w3,emotion,0.05094910446210312
zc_std_w3,emotional_intensity,0.02263820047347012
zc_std_w3,statement,0.0012228991597993204
zc_std_w3,repetition,-0.0004835067715564493
zc_std_w3,actor,0.08807246860615787
zc_std_w3,sex,0.06150988807907026
zc_kur_w3,vocal_channel,0.009251929231902595
zc_kur_w3,emotion,0.05094910446210312
zc_kur_w3,emotional_intensity,0.02263820047347012
zc_kur_w3,statement,0.0012228991597993204
zc_kur_w3,repetition,-0.0004835067715564493
zc_kur_w3,actor,0.0880724686061579
zc_kur_w3,sex,0.06150988807907029
zc_skew_w3,vocal_channel,0.009251929231902595
zc_skew_w3,emotion,0.05094910446210312
zc_skew_w3,emotional_intensity,0.02263820047347012
zc_skew_w3,statement,0.0012228991597993204
zc_skew_w3,repetition,-0.0004835067715564493
zc_skew_w3,actor,0.0880724686061579
zc_skew_w3,sex,0.06150988807907029
mfcc_sum_w3,vocal_channel,0.0975144008160934
mfcc_sum_w3,emotion,0.052072823420186556
mfcc_sum_w3,emotional_intensity,0.004982294859931444
mfcc_sum_w3,statement,-0.0008867818817283938
mfcc_sum_w3,repetition,-0.0008624009870271031
mfcc_sum_w3,actor,0.13811546281671824
mfcc_sum_w3,sex,0.16407763793749414
mfcc_mean_w3,vocal_channel,0.0481325743283209
mfcc_mean_w3,emotion,0.047838913932977956
mfcc_mean_w3,emotional_intensity,0.011504938560027027
mfcc_mean_w3,statement,-0.0007799923313696303
mfcc_mean_w3,repetition,-0.0004854696817195269
mfcc_mean_w3,actor,0.19994835951125042
mfcc_mean_w3,sex,0.24783335700256576
mfcc_std_w3,vocal_channel,0.047558936848279505
mfcc_std_w3,emotion,0.1098776145935264
mfcc_std_w3,emotional_intensity,0.06364482238395504
mfcc_std_w3,statement,-0.0005260172998455488
mfcc_std_w3,repetition,-0.0003739906116524593
mfcc_std_w3,actor,0.04164560204942931
mfcc_std_w3,sex,0.008536068716711195
mfcc_min_w3,vocal_channel,0.06752561661648544
mfcc_min_w3,emotion,0.06880689096406802
mfcc_min_w3,emotional_intensity,0.042840495430400125
mfcc_min_w3,statement,-0.0006582035270804393
mfcc_min_w3,repetition,-0.0006713276197855166
mfcc_min_w3,actor,0.04182783283735074
mfcc_min_w3,sex,0.0027743497583423513
mfcc_max_w3,vocal_channel,0.02536224573273028
mfcc_max_w3,emotion,0.01619446959654636
mfcc_max_w3,emotional_intensity,0.016936479867804884
mfcc_max_w3,statement,-0.0002935218221045291
mfcc_max_w3,repetition,-0.0008867577292902366
mfcc_max_w3,actor,0.09547723875715397
mfcc_max_w3,sex,0.08042058897813181
mfcc_q01_w3,vocal_channel,0.08005230428009363
mfcc_q01_w3,emotion,0.0898211268621709
mfcc_q01_w3,emotional_intensity,0.045527585704753015
mfcc_q01_w3,statement,0.00017793484728309344
mfcc_q01_w3,repetition,-0.0005392019640015028
mfcc_q01_w3,actor,0.04364186111146212
mfcc_q01_w3,sex,0.006626468908831249
mfcc_q05_w3,vocal_channel,0.024123978972258445
mfcc_q05_w3,emotion,0.03267137187878864
mfcc_q05_w3,emotional_intensity,0.011196875988877648
mfcc_q05_w3,statement,-3.4221119073915614e-05
mfcc_q05_w3,repetition,0.0006653305834866377
mfcc_q05_w3,actor,0.09422241837705611
mfcc_q05_w3,sex,0.09608453697710595
mfcc_q25_w3,vocal_channel,0.07961413337491678
mfcc_q25_w3,emotion,0.03529748763527271
mfcc_q25_w3,emotional_intensity,0.012124166408456502
mfcc_q25_w3,statement,-0.0007734037668368067
mfcc_q25_w3,repetition,-0.0008933133746479621
mfcc_q25_w3,actor,0.13405522393087232
mfcc_q25_w3,sex,0.1686963289452404
mfcc_q50_w3,vocal_channel,0.10460927174505819
mfcc_q50_w3,emotion,0.029132583765156338
mfcc_q50_w3,emotional_intensity,0.00753172517224494
mfcc_q50_w3,statement,-0.0008094509800232638
mfcc_q50_w3,repetition,-0.00036685842623702643
mfcc_q50_w3,actor,0.15941380925054557
mfcc_q50_w3,sex,0.20806533741485042
mfcc_q75_w3,vocal_channel,0.09732238350473352
mfcc_q75_w3,emotion,0.02051399640451515
mfcc_q75_w3,emotional_intensity,0.004139046463638092
mfcc_q75_w3,statement,0.00016061530918082357
mfcc_q75_w3,repetition,-0.0005459580774220632
mfcc_q75_w3,actor,0.14763885134685517
mfcc_q75_w3,sex,0.18506219746782407
mfcc_q95_w3,vocal_channel,0.0012651836303643439
mfcc_q95_w3,emotion,0.013070295831347202
mfcc_q95_w3,emotional_intensity,0.014233331260282913
mfcc_q95_w3,statement,0.0012584369142134308
mfcc_q95_w3,repetition,0.00013962284807534926
mfcc_q95_w3,actor,0.06073539639860191
mfcc_q95_w3,sex,0.04765998754102761
mfcc_q99_w3,vocal_channel,0.04395075824459485
mfcc_q99_w3,emotion,0.02306289180852238
mfcc_q99_w3,emotional_intensity,0.019273696093553852
mfcc_q99_w3,statement,0.00026308674013282297
mfcc_q99_w3,repetition,-0.00037872450038470686
mfcc_q99_w3,actor,0.13285700480695786
mfcc_q99_w3,sex,0.1365692062397227
mfcc_kur_w3,vocal_channel,0.11894064156069674
mfcc_kur_w3,emotion,0.04487909949987882
mfcc_kur_w3,emotional_intensity,0.00901368315134254
mfcc_kur_w3,statement,-0.0003999809353960718
mfcc_kur_w3,repetition,0.00014977513691670318
mfcc_kur_w3,actor,0.06376353443880076
mfcc_kur_w3,sex,0.014266270351706441
mfcc_skew_w3,vocal_channel,0.06856910264131076
mfcc_skew_w3,emotion,0.04992943219329324
mfcc_skew_w3,emotional_intensity,0.012924506185225827
mfcc_skew_w3,statement,-0.00047262465863363406
mfcc_skew_w3,repetition,-0.0006440357793692842
mfcc_skew_w3,actor,0.06258335753808852
mfcc_skew_w3,sex,0.021652493130678165
sc_sum_w3,vocal_channel,0.009454261674429759
sc_sum_w3,emotion,0.02123003887632357
sc_sum_w3,emotional_intensity,0.01786432414904852
sc_sum_w3,statement,-0.0007045348868586662
sc_sum_w3,repetition,0.0001951877398431569
sc_sum_w3,actor,0.09962287975216705
sc_sum_w3,sex,0.07837565797901025
sc_mean_w3,vocal_channel,0.06050236656881011
sc_mean_w3,emotion,0.03198364127145829
sc_mean_w3,emotional_intensity,0.010227011098263532
sc_mean_w3,statement,0.0001471585954628124
sc_mean_w3,repetition,-0.0008799423017152756
sc_mean_w3,actor,0.08930952692822808
sc_mean_w3,sex,0.07174139654897634
sc_std_w3,vocal_channel,0.0671131937179447
sc_std_w3,emotion,0.03242556977163926
sc_std_w3,emotional_intensity,0.0015071774459087248
sc_std_w3,statement,-0.00039512924299821403
sc_std_w3,repetition,-0.0007220538988067305
sc_std_w3,actor,0.06256489186568961
sc_std_w3,sex,0.017162115935148655
sc_min_w3,vocal_channel,0.004317901881595064
sc_min_w3,emotion,0.008975173566165213
sc_min_w3,emotional_intensity,0.008555744274479865
sc_min_w3,statement,0.002571635846612855
sc_min_w3,repetition,-0.0005103142680955633
sc_min_w3,actor,0.08129736942152876
sc_min_w3,sex,0.04876296146442775
sc_max_w3,vocal_channel,0.011634071112512417
sc_max_w3,emotion,0.019225433153546224
sc_max_w3,emotional_intensity,0.011093912209299504
sc_max_w3,statement,-0.00021742530287591807
sc_max_w3,repetition,0.0007829767667035358
sc_max_w3,actor,0.06377932924047487
sc_max_w3,sex,0.030923098816513728
sc_q01_w3,vocal_channel,0.005262875649499525
sc_q01_w3,emotion,0.00901324588279089
sc_q01_w3,emotional_intensity,0.011140765192573619
sc_q01_w3,statement,0.0026866438321793843
sc_q01_w3,repetition,-0.00012210337242934678
sc_q01_w3,actor,0.0879429466222945
sc_q01_w3,sex,0.05523756214542241
sc_q05_w3,vocal_channel,0.005650505924228748
sc_q05_w3,emotion,0.014461371287767446
sc_q05_w3,emotional_intensity,0.017473335841310823
sc_q05_w3,statement,0.0009893116606765075
sc_q05_w3,repetition,-0.00023211114072468737
sc_q05_w3,actor,0.08850395657166907
sc_q05_w3,sex,0.06528233980317984
sc_q25_w3,vocal_channel,0.01897595497473064
sc_q25_w3,emotion,0.027468194205990143
sc_q25_w3,emotional_intensity,0.025070707636708982
sc_q25_w3,statement,0.0003679022234140968
sc_q25_w3,repetition,-0.00023070565323259065
sc_q25_w3,actor,0.09095389995943505
sc_q25_w3,sex,0.07034294850061636
sc_q50_w3,vocal_channel,0.022777911519661527
sc_q50_w3,emotion,0.031073942630300687
sc_q50_w3,emotional_intensity,0.01728460385588179
sc_q50_w3,statement,2.5874168127097175e-05
sc_q50_w3,repetition,-0.0008911744904907624
sc_q50_w3,actor,0.09057556091677005
sc_q50_w3,sex,0.07393403533012351
sc_q75_w3,vocal_channel,0.07544804199167966
sc_q75_w3,emotion,0.031217472356035728
sc_q75_w3,emotional_intensity,0.007798093496185555
sc_q75_w3,statement,-0.00037815281893630845
sc_q75_w3,repetition,0.00048269297400281797
sc_q75_w3,actor,0.08193290055934319
sc_q75_w3,sex,0.0706986226962134
sc_q95_w3,vocal_channel,0.08616707033899036
sc_q95_w3,emotion,0.026738577520182046
sc_q95_w3,emotional_intensity,0.00029857182346950414
sc_q95_w3,statement,-0.0007285843939159201
sc_q95_w3,repetition,-0.0003511672109291967
sc_q95_w3,actor,0.06501445503968056
sc_q95_w3,sex,0.03169043646576238
sc_q99_w3,vocal_channel,0.015634807224338226
sc_q99_w3,emotion,0.020818940919788045
sc_q99_w3,emotional_intensity,0.009678692271599822
sc_q99_w3,statement,-0.00016967091573709522
sc_q99_w3,repetition,-0.00030215023550975406
sc_q99_w3,actor,0.06463654320055691
sc_q99_w3,sex,0.02855405443067053
sc_kur_w3,vocal_channel,0.1388225536079093
sc_kur_w3,emotion,0.02709916478557086
sc_kur_w3,emotional_intensity,0.0015979584677871088
sc_kur_w3,statement,-0.0006931037279480643
sc_kur_w3,repetition,-0.0004656811494540658
sc_kur_w3,actor,0.03587573275383883
sc_kur_w3,sex,0.0009716795579777062
sc_skew_w3,vocal_channel,0.11982122723790546
sc_skew_w3,emotion,0.0190605537049189
sc_skew_w3,emotional_intensity,0.00106220712593333
sc_skew_w3,statement,-0.00022109840756339433
sc_skew_w3,repetition,-0.0009356439222508182
sc_skew_w3,actor,0.03997407519908983
sc_skew_w3,sex,0.00047831046174838076
stft_sum_w3,vocal_channel,0.023883056163976582
stft_sum_w3,emotion,0.02936410054671502
stft_sum_w3,emotional_intensity,0.0010401019051077753
stft_sum_w3,statement,-0.00040401587953526013
stft_sum_w3,repetition,-0.0003575671765216734
stft_sum_w3,actor,0.15051892804365374
stft_sum_w3,sex,0.1980069994276765
stft_mean_w3,vocal_channel,0.14438843605093388
stft_mean_w3,emotion,0.04538952108887675
stft_mean_w3,emotional_intensity,0.008980895544513517
stft_mean_w3,statement,-0.0005548048452471724
stft_mean_w3,repetition,-0.00017277480241246573
stft_mean_w3,actor,0.11942783728768497
stft_mean_w3,sex,0.14616605085376624
stft_std_w3,vocal_channel,0.06095711594703632
stft_std_w3,emotion,0.03894861984033273
stft_std_w3,emotional_intensity,0.009619674676246694
stft_std_w3,statement,-0.0003072018169611137
stft_std_w3,repetition,2.74681985492097e-05
stft_std_w3,actor,0.06371046493781088
stft_std_w3,sex,0.09282239850744504
stft_min_w3,vocal_channel,0.05643410079773552
stft_min_w3,emotion,0.019857642851668057
stft_min_w3,emotional_intensity,0.007988086378230135
stft_min_w3,statement,-0.0006777762841901309
stft_min_w3,repetition,2.3979769140984862e-05
stft_min_w3,actor,0.14559923766839586
stft_min_w3,sex,0.22324136893823635
stft_q01_w3,vocal_channel,0.07884197034689425
stft_q01_w3,emotion,0.02537685239282585
stft_q01_w3,emotional_intensity,0.00893314126353398
stft_q01_w3,statement,-0.0006441290283753328
stft_q01_w3,repetition,0.00020218202448800098
stft_q01_w3,actor,0.15573974010011565
stft_q01_w3,sex,0.22729405782929174
stft_q05_w3,vocal_channel,0.11505565923164482
stft_q05_w3,emotion,0.03867468074055912
stft_q05_w3,emotional_intensity,0.016538451494691055
stft_q05_w3,statement,-3.7459608150154206e-05
stft_q05_w3,repetition,-0.0003155106629580369
stft_q05_w3,actor,0.14703132951043632
stft_q05_w3,sex,0.2126147768785847
stft_q25_w3,vocal_channel,0.12587958012875972
stft_q25_w3,emotion,0.042955965160493714
stft_q25_w3,emotional_intensity,0.010361891813554232
stft_q25_w3,statement,-5.690109747746061e-06
stft_q25_w3,repetition,-0.0006910536890665767
stft_q25_w3,actor,0.13200710459810366
stft_q25_w3,sex,0.1764209858847804
stft_q50_w3,vocal_channel,0.14383403650858403
stft_q50_w3,emotion,0.04221255879131235
stft_q50_w3,emotional_intensity,0.00929752571140352
stft_q50_w3,statement,-0.0005260137260972137
stft_q50_w3,repetition,-9.030996890673877e-05
stft_q50_w3,actor,0.12407585892309025
stft_q50_w3,sex,0.15623044332255404
stft_q75_w3,vocal_channel,0.15537882107648804
stft_q75_w3,emotion,0.040878459510774054
stft_q75_w3,emotional_intensity,0.005853384096179107
stft_q75_w3,statement,2.9884711237073214e-05
stft_q75_w3,repetition,-0.0003634056310871647
stft_q75_w3,actor,0.10196483498151483
stft_q75_w3,sex,0.11482443161421885
stft_kur_w3,vocal_channel,0.16006035627252757
stft_kur_w3,emotion,0.03917341429227574
stft_kur_w3,emotional_intensity,0.004776942121177118
stft_kur_w3,statement,-0.0007469295929637346
stft_kur_w3,repetition,0.0005030311650564713
stft_kur_w3,actor,0.0843687259040191
stft_kur_w3,sex,0.08871328810350121
stft_skew_w3,vocal_channel,0.1597045084546289
stft_skew_w3,emotion,0.04134533101307793
stft_skew_w3,emotional_intensity,0.005264217991012352
stft_skew_w3,statement,-0.00025408402971699163
stft_skew_w3,repetition,0.00042837302197743226
stft_skew_w3,actor,0.09809509434066482
stft_skew_w3,sex,0.1120908217150102
length_w4,vocal_channel,0.295425592302636
length_w4,emotion,0.0711057872148106
length_w4,emotional_intensity,0.017260896082872495
length_w4,statement,0.00035898822375477564
length_w4,repetition,-0.000522408775031307
length_w4,actor,0.056371329959903314
length_w4,sex,0.01715046750338991
sum_w4,vocal_channel,0.07465088951479722
sum_w4,emotion,0.018302788404270798
sum_w4,emotional_intensity,0.007737749099709919
sum_w4,statement,-0.0007740428376406077
sum_w4,repetition,0.0011243488660976776
sum_w4,actor,0.06732459771322528
sum_w4,sex,0.025040077068238166
mean_w4,vocal_channel,0.06259397401531519
mean_w4,emotion,0.015991049913579414
mean_w4,emotional_intensity,0.007622215286508825
mean_w4,statement,-0.0006791928969800839
mean_w4,repetition,8.505796216878817e-05
mean_w4,actor,0.06958123858793104
mean_w4,sex,0.02776313000214476
std_w4,vocal_channel,0.23532518288037604
std_w4,emotion,0.04642745497131156
std_w4,emotional_intensity,0.018223387989727415
std_w4,statement,0.0004804711641775287
std_w4,repetition,-0.0002522377452202164
std_w4,actor,0.07680665895966678
std_w4,sex,0.005959326373495162
min_w4,vocal_channel,0.2280029353318517
min_w4,emotion,0.05848695126555464
min_w4,emotional_intensity,0.02054167586320782
min_w4,statement,0.00024500249671024734
min_w4,repetition,-0.0006730362499330409
min_w4,actor,0.05837555556150316
min_w4,sex,0.008373253847498843
max_w4,vocal_channel,0.22367403981338493
max_w4,emotion,0.057386059440007596
max_w4,emotional_intensity,0.021215049675073563
max_w4,statement,-0.0002846989139722159
max_w4,repetition,-0.00037314059726330966
max_w4,actor,0.05768746920952119
max_w4,sex,0.009351434656283903
q01_w4,vocal_channel,0.24094551154144075
q01_w4,emotion,0.048762735277330035
q01_w4,emotional_intensity,0.019085778092120732
q01_w4,statement,0.0004447109846799002
q01_w4,repetition,-0.0005486849467314627
q01_w4,actor,0.07224914582640538
q01_w4,sex,0.00820094241173431
q05_w4,vocal_channel,0.2051778878990681
q05_w4,emotion,0.03545447597955909
q05_w4,emotional_intensity,0.014932934210610595
q05_w4,statement,-0.00015951243807323313
q05_w4,repetition,-0.001016469331179982
q05_w4,actor,0.09253817903461349
q05_w4,sex,0.009679632969883768
q95_w4,vocal_channel,0.19912528254420792
q95_w4,emotion,0.03584520599167162
q95_w4,emotional_intensity,0.010911072977487392
q95_w4,statement,-0.00017423005070494007
q95_w4,repetition,-6.855141114230141e-05
q95_w4,actor,0.09282242986092984
q95_w4,sex,0.011293549488799482
q99_w4,vocal_channel,0.23419985737628699
q99_w4,emotion,0.045495197439326604
q99_w4,emotional_intensity,0.016287885453427305
q99_w4,statement,0.0010392633468053099
q99_w4,repetition,1.1518713999913793e-05
q99_w4,actor,0.07461991211194396
q99_w4,sex,0.006346983997498648
kur_w4,vocal_channel,0.02767485460067032
kur_w4,emotion,0.021884281788603965
kur_w4,emotional_intensity,0.0036581149232747735
kur_w4,statement,-0.0004518721420280911
kur_w4,repetition,0.00023160988231067526
kur_w4,actor,0.06429540163418719
kur_w4,sex,0.01961062130415427
skew_w4,vocal_channel,0.02709222157156516
skew_w4,emotion,0.006447295580852157
skew_w4,emotional_intensity,0.0008236574965660409
skew_w4,statement,0.0012346781911791332
skew_w4,repetition,0.0017667976666834004
skew_w4,actor,0.0241609241624753
skew_w4,sex,0.003077242800505971
lag1_sum_w4,vocal_channel,0.1962589234894774
lag1_sum_w4,emotion,0.03404414535207763
lag1_sum_w4,emotional_intensity,0.007731547385866664
lag1_sum_w4,statement,-0.0005734939765806139
lag1_sum_w4,repetition,-0.0002295041145333972
lag1_sum_w4,actor,0.0214104442686231
lag1_sum_w4,sex,0.0022674082182363815
lag1_mean_w4,vocal_channel,0.18080178555448326
lag1_mean_w4,emotion,0.03172165583510967
lag1_mean_w4,emotional_intensity,0.008113409028901165
lag1_mean_w4,statement,-0.0006532450353975677
lag1_mean_w4,repetition,-0.00021570172813382166
lag1_mean_w4,actor,0.020460070705027856
lag1_mean_w4,sex,0.0020231021156818015
lag1_std_w4,vocal_channel,0.174293681516809
lag1_std_w4,emotion,0.04471696008691181
lag1_std_w4,emotional_intensity,0.01820917546721284
lag1_std_w4,statement,-0.00012033915737247298
lag1_std_w4,repetition,-0.0011072456548625012
lag1_std_w4,actor,0.07975281859523546
lag1_std_w4,sex,0.005188056567732606
lag1_min_w4,vocal_channel,0.14918109428856796
lag1_min_w4,emotion,0.04842010463990084
lag1_min_w4,emotional_intensity,0.02191829214946485
lag1_min_w4,statement,-0.00017004207828805404
lag1_min_w4,repetition,-0.00043758630139653285
lag1_min_w4,actor,0.054645489408822
lag1_min_w4,sex,0.008224413642516748
lag1_max_w4,vocal_channel,0.1609965982659002
lag1_max_w4,emotion,0.04766037114555031
lag1_max_w4,emotional_intensity,0.01774395312166544
lag1_max_w4,statement,0.00016402875364120541
lag1_max_w4,repetition,-0.0006625150915266239
lag1_max_w4,actor,0.05335366912203238
lag1_max_w4,sex,0.008237129839286294
lag1_kur_w4,vocal_channel,0.11466829601250399
lag1_kur_w4,emotion,0.042160074226718816
lag1_kur_w4,emotional_intensity,0.005507264127786572
lag1_kur_w4,statement,0.00135108017575032
lag1_kur_w4,repetition,-0.0002726643275340878
lag1_kur_w4,actor,0.05234475475015662
lag1_kur_w4,sex,0.014218997460571925
lag1_skew_w4,vocal_channel,0.22173501772662957
lag1_skew_w4,emotion,0.035491420530908334
lag1_skew_w4,emotional_intensity,0.00539516451971684
lag1_skew_w4,statement,0.0004405918493729745
lag1_skew_w4,repetition,-0.0001739164227103563
lag1_skew_w4,actor,0.030539435025978695
lag1_skew_w4,sex,0.002911752269521086
zc_sum_w4,vocal_channel,0.007062740606207569
zc_sum_w4,emotion,0.012804061047683285
zc_sum_w4,emotional_intensity,0.00743026171492295
zc_sum_w4,statement,0.0008938999925875898
zc_sum_w4,repetition,-0.0006156087458812166
zc_sum_w4,actor,0.1454902376536422
zc_sum_w4,sex,0.05824464911969167
zc_mean_w4,vocal_channel,0.03968554173455859
zc_mean_w4,emotion,0.01846299497238397
zc_mean_w4,emotional_intensity,0.0038831746126183815
zc_mean_w4,statement,-2.3299220212063104e-05
zc_mean_w4,repetition,0.0003913557922337034
zc_mean_w4,actor,0.11739905132559814
zc_mean_w4,sex,0.04455151508225853
zc_std_w4,vocal_channel,0.03968554173455859
zc_std_w4,emotion,0.01846299497238397
zc_std_w4,emotional_intensity,0.0038831746126183815
zc_std_w4,statement,-2.3299220212063104e-05
zc_std_w4,repetition,0.0003913557922337034
zc_std_w4,actor,0.11739905132559814
zc_std_w4,sex,0.04455151508225853
zc_kur_w4,vocal_channel,0.03968554173455859
zc_kur_w4,emotion,0.018462994972383972
zc_kur_w4,emotional_intensity,0.0038831746126183815
zc_kur_w4,statement,-2.3299220212063104e-05
zc_kur_w4,repetition,0.0003913557922337034
zc_kur_w4,actor,0.11739905132559812
zc_kur_w4,sex,0.04455151508225853
zc_skew_w4,vocal_channel,0.03968554173455859
zc_skew_w4,emotion,0.018462994972383972
zc_skew_w4,emotional_intensity,0.0038831746126183815
zc_skew_w4,statement,-2.3299220212063104e-05
zc_skew_w4,repetition,0.0003913557922337034
zc_skew_w4,actor,0.11739905132559812
zc_skew_w4,sex,0.04455151508225853
mfcc_sum_w4,vocal_channel,0.08898988964971644
mfcc_sum_w4,emotion,0.03883601153615966
mfcc_sum_w4,emotional_intensity,0.002258226256871787
mfcc_sum_w4,statement,0.00030715532230314986
mfcc_sum_w4,repetition,-0.0004416555596477678
mfcc_sum_w4,actor,0.11371973171671684
mfcc_sum_w4,sex,0.04683354102778979
mfcc_mean_w4,vocal_channel,0.008460470351789104
mfcc_mean_w4,emotion,0.020013818830541083
mfcc_mean_w4,emotional_intensity,0.013502728819196563
mfcc_mean_w4,statement,-0.0004238587920433556
mfcc_mean_w4,repetition,-0.00029126220235926067
mfcc_mean_w4,actor,0.1864178218829885
mfcc_mean_w4,sex,0.061503405805796205
mfcc_std_w4,vocal_channel,0.08586581873810371
mfcc_std_w4,emotion,0.03042333781667059
mfcc_std_w4,emotional_intensity,0.021525092898316545
mfcc_std_w4,statement,0.000428987116348315
mfcc_std_w4,repetition,-0.00018255059511014854
mfcc_std_w4,actor,0.10561882255825011
mfcc_std_w4,sex,-0.00012053676389668252
mfcc_min_w4,vocal_channel,0.0897358832094226
mfcc_min_w4,emotion,0.02177845861401517
mfcc_min_w4,emotional_intensity,0.010005739988827747
mfcc_min_w4,statement,-0.00036139477043682075
mfcc_min_w4,repetition,-0.0006061488854428561
mfcc_min_w4,actor,0.1268517316398948
mfcc_min_w4,sex,0.0024457868246209164
mfcc_max_w4,vocal_channel,0.1890925910487957
mfcc_max_w4,emotion,0.03492713903796593
mfcc_max_w4,emotional_intensity,0.007551296720377019
mfcc_max_w4,statement,0.001661970480765901
mfcc_max_w4,repetition,-0.0001318739729387203
mfcc_max_w4,actor,0.07502893696214888
mfcc_max_w4,sex,0.033338983292625024
mfcc_q01_w4,vocal_channel,0.04258034463182327
mfcc_q01_w4,emotion,0.024178148612315407
mfcc_q01_w4,emotional_intensity,0.014796976906973982
mfcc_q01_w4,statement,-0.00043376833433889344
mfcc_q01_w4,repetition,-0.000530251905943261
mfcc_q01_w4,actor,0.15239558805461875
mfcc_q01_w4,sex,0.0010777444260012283
mfcc_q05_w4,vocal_channel,0.0428578452306155
mfcc_q05_w4,emotion,0.019092372469893697
mfcc_q05_w4,emotional_intensity,0.00784581511738264
mfcc_q05_w4,statement,9.794641713627442e-05
mfcc_q05_w4,repetition,-0.0006731744525437517
mfcc_q05_w4,actor,0.05148132459493396
mfcc_q05_w4,sex,0.03419067740910409
mfcc_q25_w4,vocal_channel,0.02079763705636761
mfcc_q25_w4,emotion,0.010771378392813455
mfcc_q25_w4,emotional_intensity,0.0033617978342381817
mfcc_q25_w4,statement,-0.0005669771795631835
mfcc_q25_w4,repetition,-0.0010382773745208336
mfcc_q25_w4,actor,0.1502309409774446
mfcc_q25_w4,sex,0.07137536513729506
mfcc_q50_w4,vocal_channel,0.026626914598604612
mfcc_q50_w4,emotion,0.010265293235117653
mfcc_q50_w4,emotional_intensity,-0.00018282807742469955
mfcc_q50_w4,statement,-0.00039016976783248325
mfcc_q50_w4,repetition,-0.0010412330091173361
mfcc_q50_w4,actor,0.18589701305004466
mfcc_q50_w4,sex,0.07840626417551241
mfcc_q75_w4,vocal_channel,0.06291762182234624
mfcc_q75_w4,emotion,0.014155226756625098
mfcc_q75_w4,emotional_intensity,-2.1349764275441e-05
mfcc_q75_w4,statement,0.0004235849012887274
mfcc_q75_w4,repetition,-0.0006331945498316724
mfcc_q75_w4,actor,0.1630360840222488
mfcc_q75_w4,sex,0.07450944684578792
mfcc_q95_w4,vocal_channel,0.06075105113427647
mfcc_q95_w4,emotion,0.010817616372746983
mfcc_q95_w4,emotional_intensity,0.0016179678046534017
mfcc_q95_w4,statement,0.0005154154781124233
mfcc_q95_w4,repetition,-0.00013118049627358652
mfcc_q95_w4,actor,0.11881934603129465
mfcc_q95_w4,sex,0.05716486369463553
mfcc_q99_w4,vocal_channel,0.07781442716305312
mfcc_q99_w4,emotion,0.019482851245338755
mfcc_q99_w4,emotional_intensity,0.001373420907357464
mfcc_q99_w4,statement,7.131511916976804e-05
mfcc_q99_w4,repetition,-0.00021659082910674253
mfcc_q99_w4,actor,0.0846593925442996
mfcc_q99_w4,sex,0.04833645437717491
mfcc_kur_w4,vocal_channel,0.11539697467662008
mfcc_kur_w4,emotion,0.021376516156728607
mfcc_kur_w4,emotional_intensity,0.01110005420017043
mfcc_kur_w4,statement,0.00037589166266447494
mfcc_kur_w4,repetition,-0.00018023244377353808
mfcc_kur_w4,actor,0.0728218861398474
mfcc_kur_w4,sex,0.009130507327043213
mfcc_skew_w4,vocal_channel,0.022657507986360223
mfcc_skew_w4,emotion,0.008736630259464603
mfcc_skew_w4,emotional_intensity,0.007451597117663322
mfcc_skew_w4,statement,-0.0003985374696422793
mfcc_skew_w4,repetition,-0.0003505463256247539
mfcc_skew_w4,actor,0.11189255778688192
mfcc_skew_w4,sex,0.021477955729170484
sc_sum_w4,vocal_channel,0.006182905750811609
sc_sum_w4,emotion,0.02488264771201977
sc_sum_w4,emotional_intensity,0.007089457733135288
sc_sum_w4,statement,-3.809193183500507e-05
sc_sum_w4,repetition,-0.0001595726101063755
sc_sum_w4,actor,0.13115665490397477
sc_sum_w4,sex,0.041168458627408165
sc_mean_w4,vocal_channel,0.08876994730273877
sc_mean_w4,emotion,0.019025716836909096
sc_mean_w4,emotional_intensity,0.012320372304902101
sc_mean_w4,statement,0.000576670246991187
sc_mean_w4,repetition,-0.0007026680528077535
sc_mean_w4,actor,0.11090102652545467
sc_mean_w4,sex,0.026109031820619136
sc_std_w4,vocal_channel,0.13693903407225416
sc_std_w4,emotion,0.030787210091848725
sc_std_w4,emotional_intensity,0.006112247292829959
sc_std_w4,statement,-0.00030513547744764695
sc_std_w4,repetition,0.00010482874238993155
sc_std_w4,actor,0.061673204225908974
sc_std_w4,sex,0.007230584695153272
sc_min_w4,vocal_channel,0.2025514189693836
sc_min_w4,emotion,0.04439108521408106
sc_min_w4,emotional_intensity,0.009898198722441626
sc_min_w4,statement,-0.00010135611937817116
sc_min_w4,repetition,-0.0005789941396180035
sc_min_w4,actor,0.09417234062338091
sc_min_w4,sex,0.038907295759210085
sc_max_w4,vocal_channel,0.004302392179443549
sc_max_w4,emotion,0.007592452496807568
sc_max_w4,emotional_intensity,0.0037318900875662558
sc_max_w4,statement,0.00034627361347725817
sc_max_w4,repetition,-0.0007243841549155718
sc_max_w4,actor,0.20513365069034026
sc_max_w4,sex,0.025548678231475375
sc_q01_w4,vocal_channel,0.2047861237006591
sc_q01_w4,emotion,0.047259424740842604
sc_q01_w4,emotional_intensity,0.010499318381406794
sc_q01_w4,statement,6.184934486409797e-05
sc_q01_w4,repetition,-0.0006528382259990031
sc_q01_w4,actor,0.08337379957299244
sc_q01_w4,sex,0.03681787613789667
sc_q05_w4,vocal_channel,0.2111824733042176
sc_q05_w4,emotion,0.04790391524766201
sc_q05_w4,emotional_intensity,0.01074603120890813
sc_q05_w4,statement,-0.0001474513480652111
sc_q05_w4,repetition,-1.6232758419152404e-05
sc_q05_w4,actor,0.0751707349334345
sc_q05_w4,sex,0.03040573112511309
sc_q25_w4,vocal_channel,0.09735048167106933
sc_q25_w4,emotion,0.029230181110351767
sc_q25_w4,emotional_intensity,0.009645095966087204
sc_q25_w4,statement,-0.00041752189767781155
sc_q25_w4,repetition,-0.00039714760358596526
sc_q25_w4,actor,0.08568211220325239
sc_q25_w4,sex,0.028814182530496616
sc_q50_w4,vocal_channel,0.02102621184462567
sc_q50_w4,emotion,0.018131280155758104
sc_q50_w4,emotional_intensity,0.011937119513810747
sc_q50_w4,statement,0.0012212772339256412
sc_q50_w4,repetition,-0.00032667465995584236
sc_q50_w4,actor,0.14198243664704926
sc_q50_w4,sex,0.028091419772620023
sc_q75_w4,vocal_channel,0.01476616889853942
sc_q75_w4,emotion,0.01564428782559601
sc_q75_w4,emotional_intensity,0.010975548442815303
sc_q75_w4,statement,0.00010982057615811415
sc_q75_w4,repetition,-0.0006974648538345066
sc_q75_w4,actor,0.1862777409869516
sc_q75_w4,sex,0.01969672240814426
sc_q95_w4,vocal_channel,0.008454505957534747
sc_q95_w4,emotion,0.008031449693611779
sc_q95_w4,emotional_intensity,0.006383897318204888
sc_q95_w4,statement,-0.0002635874319273117
sc_q95_w4,repetition,-0.0006817232788358059
sc_q95_w4,actor,0.2225987862773377
sc_q95_w4,sex,0.02325573870431908
sc_q99_w4,vocal_channel,0.0061842261216717865
sc_q99_w4,emotion,0.00649091802855803
sc_q99_w4,emotional_intensity,0.0052086372505124896
sc_q99_w4,statement,0.00020883930899858198
sc_q99_w4,repetition,-0.0005771384886435336
sc_q99_w4,actor,0.22159520176616418
sc_q99_w4,sex,0.02737449721009033
sc_kur_w4,vocal_channel,0.048050612158768394
sc_kur_w4,emotion,0.01500141550013488
sc_kur_w4,emotional_intensity,0.0010641756878625745
sc_kur_w4,statement,-0.0003609584058388871
sc_kur_w4,repetition,-0.0006842616427478231
sc_kur_w4,actor,0.03569642655547067
sc_kur_w4,sex,0.015505490490465458
sc_skew_w4,vocal_channel,0.02643374061078732
sc_skew_w4,emotion,0.012550072681590233
sc_skew_w4,emotional_intensity,0.006699388159110384
sc_skew_w4,statement,-0.0008824494822135525
sc_skew_w4,repetition,-0.0007514673030411527
sc_skew_w4,actor,0.0702685362159991
sc_skew_w4,sex,0.03452862534260559
stft_sum_w4,vocal_channel,0.01780945308384187
stft_sum_w4,emotion,0.03267265634469499
stft_sum_w4,emotional_intensity,0.00786164274876656
stft_sum_w4,statement,0.00022259865675762925
stft_sum_w4,repetition,0.000353469579455419
stft_sum_w4,actor,0.05200898257242114
stft_sum_w4,sex,0.002402415146070908
stft_mean_w4,vocal_channel,0.13889750096535572
stft_mean_w4,emotion,0.018612714617353837
stft_mean_w4,emotional_intensity,0.0050962853961345625
stft_mean_w4,statement,-0.00043755798239622864
stft_mean_w4,repetition,-0.0004905325247021417
stft_mean_w4,actor,0.05544357310269061
stft_mean_w4,sex,0.020852449982930746
stft_std_w4,vocal_channel,0.22509691630335618
stft_std_w4,emotion,0.04927536575679242
stft_std_w4,emotional_intensity,0.010883300269173592
stft_std_w4,statement,-0.0004214573886121944
stft_std_w4,repetition,-0.00012850009791612506
stft_std_w4,actor,0.04954330433229834
stft_std_w4,sex,0.006996856243766928
stft_min_w4,vocal_channel,0.23143784195119438
stft_min_w4,emotion,0.04286622364996734
stft_min_w4,emotional_intensity,0.01219001477268423
stft_min_w4,statement,0.00032879491656027357
stft_min_w4,repetition,-0.0005300231055625331
stft_min_w4,actor,0.08650223968642869
stft_min_w4,sex,0.06215857123392729
stft_q01_w4,vocal_channel,0.23691530452117038
stft_q01_w4,emotion,0.05210716557469814
stft_q01_w4,emotional_intensity,0.012232194286803852
stft_q01_w4,statement,-0.000277507155797528
stft_q01_w4,repetition,-0.0008693215817331609
stft_q01_w4,actor,0.08724176732066308
stft_q01_w4,sex,0.05293862795487175
stft_q05_w4,vocal_channel,0.24109038851240644
stft_q05_w4,emotion,0.058354309295529504
stft_q05_w4,emotional_intensity,0.012269718476891844
stft_q05_w4,statement,-0.0005350649668967231
stft_q05_w4,repetition,-0.0002620399112880819
stft_q05_w4,actor,0.06673596368970595
stft_q05_w4,sex,0.028557748829413882
stft_q25_w4,vocal_channel,0.13142042285568895
stft_q25_w4,emotion,0.022638441746493456
stft_q25_w4,emotional_intensity,0.00531694767707186
stft_q25_w4,statement,0.0005507938373997942
stft_q25_w4,repetition,-0.0005522003193322257
stft_q25_w4,actor,0.05662225643937483
stft_q25_w4,sex,0.020654079372454826
stft_q50_w4,vocal_channel,0.07393439266782281
stft_q50_w4,emotion,0.01585341840552311
stft_q50_w4,emotional_intensity,0.008031582518078855
stft_q50_w4,statement,-0.0002716285958685392
stft_q50_w4,repetition,0.00036008993524674096
stft_q50_w4,actor,0.06712931303584076
stft_q50_w4,sex,0.020333402925484398
stft_q75_w4,vocal_channel,0.034190302898263136
stft_q75_w4,emotion,0.013041236241378287
stft_q75_w4,emotional_intensity,0.006740779278618085
stft_q75_w4,statement,-0.00044895545188978244
stft_q75_w4,repetition,0.000249360746496314
stft_q75_w4,actor,0.090469212576408
stft_q75_w4,sex,0.03283977119603672
stft_kur_w4,vocal_channel,0.06543509696141372
stft_kur_w4,emotion,0.014600462900118525
stft_kur_w4,emotional_intensity,0.002104218920631729
stft_kur_w4,statement,-0.0002822084574298564
stft_kur_w4,repetition,0.0006985921654591256
stft_kur_w4,actor,0.03324504820102088
stft_kur_w4,sex,0.004967388117432846
stft_skew_w4,vocal_channel,0.004927377331447742
stft_skew_w4,emotion,0.00797118408309546
stft_skew_w4,emotional_intensity,0.004788364807628814
stft_skew_w4,statement,-0.000399653966822978
stft_skew_w4,repetition,0.000555568675195773
stft_skew_w4,actor,0.051081208444886644
stft_skew_w4,sex,0.002829974972807654
